kernel,nb_partitions,mesh_width,mesh_height,nb_iterations,nb_repeat,rep,timing,check_status
stencil,1,32,32,100,10,0,6.991690e-04,0
stencil,1,32,32,100,10,1,6.851000e-04,0
stencil,1,32,32,100,10,2,6.775800e-04,0
stencil,1,32,32,100,10,3,6.828340e-04,0
stencil,1,32,32,100,10,4,6.872110e-04,0
stencil,1,32,32,100,10,5,6.781940e-04,0
stencil,1,32,32,100,10,6,6.856800e-04,0
stencil,1,32,32,100,10,7,6.823420e-04,0
stencil,1,32,32,100,10,8,6.297280e-04,0
stencil,1,32,32,100,10,9,6.337060e-04,0
stencil,1,64,64,100,10,0,2.740339e-03,0
stencil,1,64,64,100,10,1,2.533099e-03,0
stencil,1,64,64,100,10,2,2.522594e-03,0
stencil,1,64,64,100,10,3,2.365937e-03,0
stencil,1,64,64,100,10,4,2.364164e-03,0
stencil,1,64,64,100,10,5,2.310071e-03,0
stencil,1,64,64,100,10,6,2.224451e-03,0
stencil,1,64,64,100,10,7,2.221604e-03,0
stencil,1,64,64,100,10,8,2.098143e-03,0
stencil,1,64,64,100,10,9,2.100582e-03,0
stencil,1,128,128,100,10,0,1.635410e-02,0
stencil,1,128,128,100,10,1,1.397126e-02,0
stencil,1,128,128,100,10,2,1.248201e-02,0
stencil,1,128,128,100,10,3,1.136600e-02,0
stencil,1,128,128,100,10,4,1.135204e-02,0
stencil,1,128,128,100,10,5,1.134908e-02,0
stencil,1,128,128,100,10,6,1.134679e-02,0
stencil,1,128,128,100,10,7,1.135089e-02,0
stencil,1,128,128,100,10,8,1.135125e-02,0
stencil,1,128,128,100,10,9,1.134869e-02,0
stencil,1,256,256,100,10,0,1.136358e-01,0
stencil,1,256,256,100,10,1,8.056972e-02,0
stencil,1,256,256,100,10,2,8.042613e-02,0
stencil,1,256,256,100,10,3,8.043328e-02,0
stencil,1,256,256,100,10,4,8.042574e-02,0
stencil,1,256,256,100,10,5,6.831181e-02,0
stencil,1,256,256,100,10,6,6.052382e-02,0
stencil,1,256,256,100,10,7,6.057383e-02,0
stencil,1,256,256,100,10,8,6.050212e-02,0
stencil,1,256,256,100,10,9,6.059088e-02,0
stencil,1,512,512,100,10,0,4.547446e-01,0
stencil,1,512,512,100,10,1,3.192723e-01,0
stencil,1,512,512,100,10,2,3.191443e-01,0
stencil,1,512,512,100,10,3,3.219051e-01,0
stencil,1,512,512,100,10,4,3.191304e-01,0
stencil,1,512,512,100,10,5,3.191335e-01,0
stencil,1,512,512,100,10,6,3.192919e-01,0
stencil,1,512,512,100,10,7,3.191208e-01,0
stencil,1,512,512,100,10,8,3.191309e-01,0
stencil,1,512,512,100,10,9,3.192913e-01,0
stencil,1,1024,1024,100,10,0,1.552133e+00,0
stencil,1,1024,1024,100,10,1,1.325222e+00,0
stencil,1,1024,1024,100,10,2,1.325618e+00,0
stencil,1,1024,1024,100,10,3,1.329147e+00,0
stencil,1,1024,1024,100,10,4,1.327559e+00,0
stencil,1,1024,1024,100,10,5,1.324935e+00,0
stencil,1,1024,1024,100,10,6,1.325197e+00,0
stencil,1,1024,1024,100,10,7,1.329728e+00,0
stencil,1,1024,1024,100,10,8,1.326202e+00,0
stencil,1,1024,1024,100,10,9,1.325334e+00,0
stencil,1,2048,2048,100,10,0,9.843190e+00,0
stencil,1,2048,2048,100,10,1,9.599388e+00,0
stencil,1,2048,2048,100,10,2,9.598553e+00,0
stencil,1,2048,2048,100,10,3,9.598333e+00,0
stencil,1,2048,2048,100,10,4,9.596286e+00,0
stencil,1,2048,2048,100,10,5,9.598009e+00,0
stencil,1,2048,2048,100,10,6,9.596895e+00,0
stencil,1,2048,2048,100,10,7,9.601481e+00,0
stencil,1,2048,2048,100,10,8,9.602126e+00,0
stencil,1,2048,2048,100,10,9,9.594055e+00,0
stencil_starpu,2,32,32,100,10,0,1.035829e-01,0
stencil_starpu,2,32,32,100,10,1,9.366247e-02,0
stencil_starpu,2,32,32,100,10,2,7.354212e-02,0
stencil_starpu,2,32,32,100,10,3,7.732735e-02,0
stencil_starpu,2,32,32,100,10,4,6.903559e-02,0
stencil_starpu,2,32,32,100,10,5,7.325785e-02,0
stencil_starpu,2,32,32,100,10,6,8.692003e-02,0
stencil_starpu,2,32,32,100,10,7,6.784895e-02,0
stencil_starpu,2,32,32,100,10,8,9.685422e-02,0
stencil_starpu,2,32,32,100,10,9,7.133744e-02,0
stencil_starpu,3,32,32,100,10,0,1.120898e-01,0
stencil_starpu,3,32,32,100,10,1,8.208624e-02,0
stencil_starpu,3,32,32,100,10,2,8.412570e-02,0
stencil_starpu,3,32,32,100,10,3,7.025503e-02,0
stencil_starpu,3,32,32,100,10,4,8.539271e-02,0
stencil_starpu,3,32,32,100,10,5,9.687568e-02,0
stencil_starpu,3,32,32,100,10,6,8.507935e-02,0
stencil_starpu,3,32,32,100,10,7,9.119996e-02,0
stencil_starpu,3,32,32,100,10,8,7.373175e-02,0
stencil_starpu,3,32,32,100,10,9,9.782718e-02,0
stencil_starpu,4,32,32,100,10,0,1.082719e-01,0
stencil_starpu,4,32,32,100,10,1,8.615809e-02,0
stencil_starpu,4,32,32,100,10,2,1.137467e-01,0
stencil_starpu,4,32,32,100,10,3,8.992940e-02,0
stencil_starpu,4,32,32,100,10,4,8.522078e-02,0
stencil_starpu,4,32,32,100,10,5,8.926021e-02,0
stencil_starpu,4,32,32,100,10,6,9.638342e-02,0
stencil_starpu,4,32,32,100,10,7,7.502254e-02,0
stencil_starpu,4,32,32,100,10,8,8.699638e-02,0
stencil_starpu,4,32,32,100,10,9,9.734962e-02,0
stencil_starpu,5,32,32,100,10,0,1.006319e-01,0
stencil_starpu,5,32,32,100,10,1,8.648226e-02,0
stencil_starpu,5,32,32,100,10,2,8.812622e-02,0
stencil_starpu,5,32,32,100,10,3,1.008980e-01,0
stencil_starpu,5,32,32,100,10,4,9.728183e-02,0
stencil_starpu,5,32,32,100,10,5,8.892113e-02,0
stencil_starpu,5,32,32,100,10,6,8.400532e-02,0
stencil_starpu,5,32,32,100,10,7,9.956334e-02,0
stencil_starpu,5,32,32,100,10,8,9.881712e-02,0
stencil_starpu,5,32,32,100,10,9,8.660890e-02,0
stencil_starpu,6,32,32,100,10,0,1.308110e-01,0
stencil_starpu,6,32,32,100,10,1,1.053237e-01,0
stencil_starpu,6,32,32,100,10,2,9.366106e-02,0
stencil_starpu,6,32,32,100,10,3,9.139358e-02,0
stencil_starpu,6,32,32,100,10,4,1.014660e-01,0
stencil_starpu,6,32,32,100,10,5,7.376115e-02,0
stencil_starpu,6,32,32,100,10,6,8.376105e-02,0
stencil_starpu,6,32,32,100,10,7,1.029616e-01,0
stencil_starpu,6,32,32,100,10,8,9.693584e-02,0
stencil_starpu,6,32,32,100,10,9,8.641412e-02,0
stencil_starpu,7,32,32,100,10,0,1.319093e-01,0
stencil_starpu,7,32,32,100,10,1,9.182080e-02,0
stencil_starpu,7,32,32,100,10,2,1.149361e-01,0
stencil_starpu,7,32,32,100,10,3,1.031041e-01,0
stencil_starpu,7,32,32,100,10,4,1.142118e-01,0
stencil_starpu,7,32,32,100,10,5,1.055821e-01,0
stencil_starpu,7,32,32,100,10,6,1.058613e-01,0
stencil_starpu,7,32,32,100,10,7,1.108566e-01,0
stencil_starpu,7,32,32,100,10,8,1.040616e-01,0
stencil_starpu,7,32,32,100,10,9,1.114984e-01,0
stencil_starpu,8,32,32,100,10,0,1.252390e-01,0
stencil_starpu,8,32,32,100,10,1,9.307610e-02,0
stencil_starpu,8,32,32,100,10,2,1.242869e-01,0
stencil_starpu,8,32,32,100,10,3,1.120562e-01,0
stencil_starpu,8,32,32,100,10,4,1.038634e-01,0
stencil_starpu,8,32,32,100,10,5,1.103594e-01,0
stencil_starpu,8,32,32,100,10,6,1.179857e-01,0
stencil_starpu,8,32,32,100,10,7,1.130187e-01,0
stencil_starpu,8,32,32,100,10,8,1.039149e-01,0
stencil_starpu,8,32,32,100,10,9,1.009788e-01,0
stencil_starpu,9,32,32,100,10,0,1.298135e-01,0
stencil_starpu,9,32,32,100,10,1,1.095460e-01,0
stencil_starpu,9,32,32,100,10,2,1.110845e-01,0
stencil_starpu,9,32,32,100,10,3,1.087323e-01,0
stencil_starpu,9,32,32,100,10,4,1.255236e-01,0
stencil_starpu,9,32,32,100,10,5,1.041348e-01,0
stencil_starpu,9,32,32,100,10,6,1.030029e-01,0
stencil_starpu,9,32,32,100,10,7,1.202701e-01,0
stencil_starpu,9,32,32,100,10,8,1.018925e-01,0
stencil_starpu,9,32,32,100,10,9,1.108975e-01,0
stencil_starpu,10,32,32,100,10,0,1.358756e-01,0
stencil_starpu,10,32,32,100,10,1,1.208047e-01,0
stencil_starpu,10,32,32,100,10,2,1.049399e-01,0
stencil_starpu,10,32,32,100,10,3,1.077848e-01,0
stencil_starpu,10,32,32,100,10,4,1.260450e-01,0
stencil_starpu,10,32,32,100,10,5,1.293223e-01,0
stencil_starpu,10,32,32,100,10,6,1.216372e-01,0
stencil_starpu,10,32,32,100,10,7,1.101690e-01,0
stencil_starpu,10,32,32,100,10,8,1.113932e-01,0
stencil_starpu,10,32,32,100,10,9,1.115557e-01,0
stencil_starpu,11,32,32,100,10,0,1.316662e-01,0
stencil_starpu,11,32,32,100,10,1,1.104124e-01,0
stencil_starpu,11,32,32,100,10,2,1.089507e-01,0
stencil_starpu,11,32,32,100,10,3,1.110401e-01,0
stencil_starpu,11,32,32,100,10,4,1.275851e-01,0
stencil_starpu,11,32,32,100,10,5,1.191919e-01,0
stencil_starpu,11,32,32,100,10,6,1.300959e-01,0
stencil_starpu,11,32,32,100,10,7,1.157837e-01,0
stencil_starpu,11,32,32,100,10,8,1.346139e-01,0
stencil_starpu,11,32,32,100,10,9,1.400271e-01,0
stencil_starpu,12,32,32,100,10,0,1.445370e-01,0
stencil_starpu,12,32,32,100,10,1,1.214997e-01,0
stencil_starpu,12,32,32,100,10,2,1.253870e-01,0
stencil_starpu,12,32,32,100,10,3,1.402248e-01,0
stencil_starpu,12,32,32,100,10,4,1.150015e-01,0
stencil_starpu,12,32,32,100,10,5,1.258460e-01,0
stencil_starpu,12,32,32,100,10,6,1.257554e-01,0
stencil_starpu,12,32,32,100,10,7,1.307270e-01,0
stencil_starpu,12,32,32,100,10,8,1.407135e-01,0
stencil_starpu,12,32,32,100,10,9,1.298511e-01,0
stencil_starpu,13,32,32,100,10,0,1.638858e-01,0
stencil_starpu,13,32,32,100,10,1,1.265645e-01,0
stencil_starpu,13,32,32,100,10,2,1.386353e-01,0
stencil_starpu,13,32,32,100,10,3,1.466024e-01,0
stencil_starpu,13,32,32,100,10,4,1.392103e-01,0
stencil_starpu,13,32,32,100,10,5,1.120820e-01,0
stencil_starpu,13,32,32,100,10,6,1.212195e-01,0
stencil_starpu,13,32,32,100,10,7,1.300576e-01,0
stencil_starpu,13,32,32,100,10,8,1.384649e-01,0
stencil_starpu,13,32,32,100,10,9,1.090898e-01,0
stencil_starpu,14,32,32,100,10,0,9.781994e-02,0
stencil_starpu,14,32,32,100,10,1,1.150749e-01,0
stencil_starpu,14,32,32,100,10,2,1.258012e-01,0
stencil_starpu,14,32,32,100,10,3,1.284694e-01,0
stencil_starpu,14,32,32,100,10,4,1.438692e-01,0
stencil_starpu,14,32,32,100,10,5,1.393477e-01,0
stencil_starpu,14,32,32,100,10,6,1.012180e-01,0
stencil_starpu,14,32,32,100,10,7,1.196686e-01,0
stencil_starpu,14,32,32,100,10,8,1.356923e-01,0
stencil_starpu,14,32,32,100,10,9,1.301329e-01,0
stencil_starpu,15,32,32,100,10,0,1.030040e-01,0
stencil_starpu,15,32,32,100,10,1,1.190417e-01,0
stencil_starpu,15,32,32,100,10,2,1.450163e-01,0
stencil_starpu,15,32,32,100,10,3,1.454383e-01,0
stencil_starpu,15,32,32,100,10,4,1.274681e-01,0
stencil_starpu,15,32,32,100,10,5,1.353320e-01,0
stencil_starpu,15,32,32,100,10,6,1.091820e-01,0
stencil_starpu,15,32,32,100,10,7,1.395768e-01,0
stencil_starpu,15,32,32,100,10,8,1.546476e-01,0
stencil_starpu,15,32,32,100,10,9,1.244532e-01,0
stencil_starpu,16,32,32,100,10,0,1.273864e-01,0
stencil_starpu,16,32,32,100,10,1,1.232147e-01,0
stencil_starpu,16,32,32,100,10,2,1.287103e-01,0
stencil_starpu,16,32,32,100,10,3,1.584428e-01,0
stencil_starpu,16,32,32,100,10,4,1.421944e-01,0
stencil_starpu,16,32,32,100,10,5,1.243822e-01,0
stencil_starpu,16,32,32,100,10,6,1.176349e-01,0
stencil_starpu,16,32,32,100,10,7,1.248048e-01,0
stencil_starpu,16,32,32,100,10,8,1.580171e-01,0
stencil_starpu,16,32,32,100,10,9,1.371903e-01,0
stencil_starpu,17,32,32,100,10,0,1.394511e-01,0
stencil_starpu,17,32,32,100,10,1,1.156016e-01,0
stencil_starpu,17,32,32,100,10,2,1.474307e-01,0
stencil_starpu,17,32,32,100,10,3,1.251674e-01,0
stencil_starpu,17,32,32,100,10,4,1.487986e-01,0
stencil_starpu,17,32,32,100,10,5,1.016499e-01,0
stencil_starpu,17,32,32,100,10,6,1.186883e-01,0
stencil_starpu,17,32,32,100,10,7,1.132272e-01,0
stencil_starpu,17,32,32,100,10,8,1.361246e-01,0
stencil_starpu,17,32,32,100,10,9,1.160296e-01,0
stencil_starpu,18,32,32,100,10,0,1.540057e-01,0
stencil_starpu,18,32,32,100,10,1,1.391695e-01,0
stencil_starpu,18,32,32,100,10,2,1.739034e-01,0
stencil_starpu,18,32,32,100,10,3,1.549927e-01,0
stencil_starpu,18,32,32,100,10,4,1.630827e-01,0
stencil_starpu,18,32,32,100,10,5,1.297132e-01,0
stencil_starpu,18,32,32,100,10,6,1.373992e-01,0
stencil_starpu,18,32,32,100,10,7,1.402210e-01,0
stencil_starpu,18,32,32,100,10,8,1.485008e-01,0
stencil_starpu,18,32,32,100,10,9,1.600570e-01,0
stencil_starpu,19,32,32,100,10,0,1.335917e-01,0
stencil_starpu,19,32,32,100,10,1,1.454317e-01,0
stencil_starpu,19,32,32,100,10,2,1.405940e-01,0
stencil_starpu,19,32,32,100,10,3,1.461762e-01,0
stencil_starpu,19,32,32,100,10,4,1.805275e-01,0
stencil_starpu,19,32,32,100,10,5,1.573760e-01,0
stencil_starpu,19,32,32,100,10,6,1.304516e-01,0
stencil_starpu,19,32,32,100,10,7,1.327365e-01,0
stencil_starpu,19,32,32,100,10,8,1.372415e-01,0
stencil_starpu,19,32,32,100,10,9,1.703521e-01,0
stencil_starpu,20,32,32,100,10,0,1.447325e-01,0
stencil_starpu,20,32,32,100,10,1,1.435463e-01,0
stencil_starpu,20,32,32,100,10,2,1.596784e-01,0
stencil_starpu,20,32,32,100,10,3,1.547482e-01,0
stencil_starpu,20,32,32,100,10,4,1.316853e-01,0
stencil_starpu,20,32,32,100,10,5,1.203609e-01,0
stencil_starpu,20,32,32,100,10,6,1.593445e-01,0
stencil_starpu,20,32,32,100,10,7,1.589948e-01,0
stencil_starpu,20,32,32,100,10,8,1.351526e-01,0
stencil_starpu,20,32,32,100,10,9,1.276348e-01,0
stencil_starpu,21,32,32,100,10,0,1.329621e-01,0
stencil_starpu,21,32,32,100,10,1,1.532048e-01,0
stencil_starpu,21,32,32,100,10,2,1.424034e-01,0
stencil_starpu,21,32,32,100,10,3,1.602094e-01,0
stencil_starpu,21,32,32,100,10,4,1.476278e-01,0
stencil_starpu,21,32,32,100,10,5,1.315426e-01,0
stencil_starpu,21,32,32,100,10,6,1.378782e-01,0
stencil_starpu,21,32,32,100,10,7,1.284067e-01,0
stencil_starpu,21,32,32,100,10,8,1.338905e-01,0
stencil_starpu,21,32,32,100,10,9,1.727397e-01,0
stencil_starpu,22,32,32,100,10,0,1.536480e-01,0
stencil_starpu,22,32,32,100,10,1,1.578879e-01,0
stencil_starpu,22,32,32,100,10,2,1.374461e-01,0
stencil_starpu,22,32,32,100,10,3,1.560852e-01,0
stencil_starpu,22,32,32,100,10,4,1.360387e-01,0
stencil_starpu,22,32,32,100,10,5,1.513270e-01,0
stencil_starpu,22,32,32,100,10,6,1.393950e-01,0
stencil_starpu,22,32,32,100,10,7,1.528023e-01,0
stencil_starpu,22,32,32,100,10,8,1.354393e-01,0
stencil_starpu,22,32,32,100,10,9,1.559609e-01,0
stencil_starpu,23,32,32,100,10,0,1.691190e-01,0
stencil_starpu,23,32,32,100,10,1,1.695284e-01,0
stencil_starpu,23,32,32,100,10,2,1.429047e-01,0
stencil_starpu,23,32,32,100,10,3,1.791824e-01,0
stencil_starpu,23,32,32,100,10,4,1.674831e-01,0
stencil_starpu,23,32,32,100,10,5,1.615887e-01,0
stencil_starpu,23,32,32,100,10,6,1.403708e-01,0
stencil_starpu,23,32,32,100,10,7,1.682999e-01,0
stencil_starpu,23,32,32,100,10,8,1.611791e-01,0
stencil_starpu,23,32,32,100,10,9,1.620261e-01,0
stencil_starpu,24,32,32,100,10,0,1.494877e-01,0
stencil_starpu,24,32,32,100,10,1,1.403716e-01,0
stencil_starpu,24,32,32,100,10,2,1.498343e-01,0
stencil_starpu,24,32,32,100,10,3,1.543248e-01,0
stencil_starpu,24,32,32,100,10,4,1.459268e-01,0
stencil_starpu,24,32,32,100,10,5,1.557046e-01,0
stencil_starpu,24,32,32,100,10,6,1.540681e-01,0
stencil_starpu,24,32,32,100,10,7,1.579529e-01,0
stencil_starpu,24,32,32,100,10,8,1.404202e-01,0
stencil_starpu,24,32,32,100,10,9,1.551320e-01,0
stencil_starpu,2,64,64,100,10,0,7.313183e-02,0
stencil_starpu,2,64,64,100,10,1,6.381025e-02,0
stencil_starpu,2,64,64,100,10,2,6.533389e-02,0
stencil_starpu,2,64,64,100,10,3,6.616739e-02,0
stencil_starpu,2,64,64,100,10,4,5.556798e-02,0
stencil_starpu,2,64,64,100,10,5,7.209531e-02,0
stencil_starpu,2,64,64,100,10,6,5.007723e-02,0
stencil_starpu,2,64,64,100,10,7,7.778519e-02,0
stencil_starpu,2,64,64,100,10,8,7.358095e-02,0
stencil_starpu,2,64,64,100,10,9,6.585437e-02,0
stencil_starpu,3,64,64,100,10,0,8.967127e-02,0
stencil_starpu,3,64,64,100,10,1,8.541201e-02,0
stencil_starpu,3,64,64,100,10,2,6.353707e-02,0
stencil_starpu,3,64,64,100,10,3,7.677939e-02,0
stencil_starpu,3,64,64,100,10,4,7.909957e-02,0
stencil_starpu,3,64,64,100,10,5,5.897468e-02,0
stencil_starpu,3,64,64,100,10,6,7.315351e-02,0
stencil_starpu,3,64,64,100,10,7,8.418696e-02,0
stencil_starpu,3,64,64,100,10,8,6.431762e-02,0
stencil_starpu,3,64,64,100,10,9,5.912130e-02,0
stencil_starpu,4,64,64,100,10,0,1.123014e-01,0
stencil_starpu,4,64,64,100,10,1,8.384859e-02,0
stencil_starpu,4,64,64,100,10,2,7.444223e-02,0
stencil_starpu,4,64,64,100,10,3,6.098329e-02,0
stencil_starpu,4,64,64,100,10,4,1.030763e-01,0
stencil_starpu,4,64,64,100,10,5,9.197247e-02,0
stencil_starpu,4,64,64,100,10,6,7.812753e-02,0
stencil_starpu,4,64,64,100,10,7,8.460909e-02,0
stencil_starpu,4,64,64,100,10,8,8.879640e-02,0
stencil_starpu,4,64,64,100,10,9,7.871980e-02,0
stencil_starpu,5,64,64,100,10,0,1.142582e-01,0
stencil_starpu,5,64,64,100,10,1,9.554748e-02,0
stencil_starpu,5,64,64,100,10,2,8.700173e-02,0
stencil_starpu,5,64,64,100,10,3,9.970945e-02,0
stencil_starpu,5,64,64,100,10,4,8.648099e-02,0
stencil_starpu,5,64,64,100,10,5,8.182753e-02,0
stencil_starpu,5,64,64,100,10,6,8.768507e-02,0
stencil_starpu,5,64,64,100,10,7,8.346669e-02,0
stencil_starpu,5,64,64,100,10,8,9.802439e-02,0
stencil_starpu,5,64,64,100,10,9,9.201830e-02,0
stencil_starpu,6,64,64,100,10,0,1.198860e-01,0
stencil_starpu,6,64,64,100,10,1,1.080847e-01,0
stencil_starpu,6,64,64,100,10,2,8.519321e-02,0
stencil_starpu,6,64,64,100,10,3,9.873534e-02,0
stencil_starpu,6,64,64,100,10,4,8.042114e-02,0
stencil_starpu,6,64,64,100,10,5,9.040869e-02,0
stencil_starpu,6,64,64,100,10,6,1.012493e-01,0
stencil_starpu,6,64,64,100,10,7,1.008554e-01,0
stencil_starpu,6,64,64,100,10,8,8.721635e-02,0
stencil_starpu,6,64,64,100,10,9,8.458580e-02,0
stencil_starpu,7,64,64,100,10,0,1.195287e-01,0
stencil_starpu,7,64,64,100,10,1,1.064739e-01,0
stencil_starpu,7,64,64,100,10,2,1.139763e-01,0
stencil_starpu,7,64,64,100,10,3,8.684859e-02,0
stencil_starpu,7,64,64,100,10,4,1.281397e-01,0
stencil_starpu,7,64,64,100,10,5,1.166520e-01,0
stencil_starpu,7,64,64,100,10,6,1.066144e-01,0
stencil_starpu,7,64,64,100,10,7,1.020525e-01,0
stencil_starpu,7,64,64,100,10,8,1.130749e-01,0
stencil_starpu,7,64,64,100,10,9,1.110886e-01,0
stencil_starpu,8,64,64,100,10,0,1.016454e-01,0
stencil_starpu,8,64,64,100,10,1,9.701096e-02,0
stencil_starpu,8,64,64,100,10,2,9.298948e-02,0
stencil_starpu,8,64,64,100,10,3,9.150902e-02,0
stencil_starpu,8,64,64,100,10,4,1.113302e-01,0
stencil_starpu,8,64,64,100,10,5,9.511640e-02,0
stencil_starpu,8,64,64,100,10,6,9.189478e-02,0
stencil_starpu,8,64,64,100,10,7,9.432096e-02,0
stencil_starpu,8,64,64,100,10,8,1.052757e-01,0
stencil_starpu,8,64,64,100,10,9,9.633106e-02,0
stencil_starpu,9,64,64,100,10,0,9.509667e-02,0
stencil_starpu,9,64,64,100,10,1,7.929492e-02,0
stencil_starpu,9,64,64,100,10,2,8.370847e-02,0
stencil_starpu,9,64,64,100,10,3,1.060049e-01,0
stencil_starpu,9,64,64,100,10,4,9.652901e-02,0
stencil_starpu,9,64,64,100,10,5,9.825725e-02,0
stencil_starpu,9,64,64,100,10,6,9.859844e-02,0
stencil_starpu,9,64,64,100,10,7,1.092138e-01,0
stencil_starpu,9,64,64,100,10,8,8.893499e-02,0
stencil_starpu,9,64,64,100,10,9,1.059298e-01,0
stencil_starpu,10,64,64,100,10,0,9.011531e-02,0
stencil_starpu,10,64,64,100,10,1,8.627518e-02,0
stencil_starpu,10,64,64,100,10,2,1.252913e-01,0
stencil_starpu,10,64,64,100,10,3,1.201816e-01,0
stencil_starpu,10,64,64,100,10,4,1.008761e-01,0
stencil_starpu,10,64,64,100,10,5,1.016802e-01,0
stencil_starpu,10,64,64,100,10,6,8.968840e-02,0
stencil_starpu,10,64,64,100,10,7,9.584589e-02,0
stencil_starpu,10,64,64,100,10,8,9.258961e-02,0
stencil_starpu,10,64,64,100,10,9,1.064119e-01,0
stencil_starpu,11,64,64,100,10,0,1.235183e-01,0
stencil_starpu,11,64,64,100,10,1,1.162252e-01,0
stencil_starpu,11,64,64,100,10,2,9.833365e-02,0
stencil_starpu,11,64,64,100,10,3,1.057800e-01,0
stencil_starpu,11,64,64,100,10,4,9.330512e-02,0
stencil_starpu,11,64,64,100,10,5,9.579050e-02,0
stencil_starpu,11,64,64,100,10,6,8.908984e-02,0
stencil_starpu,11,64,64,100,10,7,1.237004e-01,0
stencil_starpu,11,64,64,100,10,8,9.134558e-02,0
stencil_starpu,11,64,64,100,10,9,8.502228e-02,0
stencil_starpu,12,64,64,100,10,0,1.342674e-01,0
stencil_starpu,12,64,64,100,10,1,9.717372e-02,0
stencil_starpu,12,64,64,100,10,2,9.684754e-02,0
stencil_starpu,12,64,64,100,10,3,9.561522e-02,0
stencil_starpu,12,64,64,100,10,4,1.162370e-01,0
stencil_starpu,12,64,64,100,10,5,1.181632e-01,0
stencil_starpu,12,64,64,100,10,6,9.804380e-02,0
stencil_starpu,12,64,64,100,10,7,1.154657e-01,0
stencil_starpu,12,64,64,100,10,8,9.515889e-02,0
stencil_starpu,12,64,64,100,10,9,1.002896e-01,0
stencil_starpu,13,64,64,100,10,0,1.044074e-01,0
stencil_starpu,13,64,64,100,10,1,1.289809e-01,0
stencil_starpu,13,64,64,100,10,2,1.176571e-01,0
stencil_starpu,13,64,64,100,10,3,1.229222e-01,0
stencil_starpu,13,64,64,100,10,4,1.162046e-01,0
stencil_starpu,13,64,64,100,10,5,1.210789e-01,0
stencil_starpu,13,64,64,100,10,6,1.237110e-01,0
stencil_starpu,13,64,64,100,10,7,1.152701e-01,0
stencil_starpu,13,64,64,100,10,8,1.150834e-01,0
stencil_starpu,13,64,64,100,10,9,1.175956e-01,0
stencil_starpu,14,64,64,100,10,0,1.354528e-01,0
stencil_starpu,14,64,64,100,10,1,1.253424e-01,0
stencil_starpu,14,64,64,100,10,2,1.199493e-01,0
stencil_starpu,14,64,64,100,10,3,1.292172e-01,0
stencil_starpu,14,64,64,100,10,4,1.118972e-01,0
stencil_starpu,14,64,64,100,10,5,1.350696e-01,0
stencil_starpu,14,64,64,100,10,6,9.751150e-02,0
stencil_starpu,14,64,64,100,10,7,1.322494e-01,0
stencil_starpu,14,64,64,100,10,8,1.183915e-01,0
stencil_starpu,14,64,64,100,10,9,1.004016e-01,0
stencil_starpu,15,64,64,100,10,0,1.323867e-01,0
stencil_starpu,15,64,64,100,10,1,1.105415e-01,0
stencil_starpu,15,64,64,100,10,2,1.180936e-01,0
stencil_starpu,15,64,64,100,10,3,1.258708e-01,0
stencil_starpu,15,64,64,100,10,4,1.225520e-01,0
stencil_starpu,15,64,64,100,10,5,1.376822e-01,0
stencil_starpu,15,64,64,100,10,6,1.392606e-01,0
stencil_starpu,15,64,64,100,10,7,1.246247e-01,0
stencil_starpu,15,64,64,100,10,8,1.127704e-01,0
stencil_starpu,15,64,64,100,10,9,1.217827e-01,0
stencil_starpu,16,64,64,100,10,0,1.235474e-01,0
stencil_starpu,16,64,64,100,10,1,1.241057e-01,0
stencil_starpu,16,64,64,100,10,2,1.419068e-01,0
stencil_starpu,16,64,64,100,10,3,1.135306e-01,0
stencil_starpu,16,64,64,100,10,4,1.111367e-01,0
stencil_starpu,16,64,64,100,10,5,1.188066e-01,0
stencil_starpu,16,64,64,100,10,6,1.106711e-01,0
stencil_starpu,16,64,64,100,10,7,1.225023e-01,0
stencil_starpu,16,64,64,100,10,8,1.239387e-01,0
stencil_starpu,16,64,64,100,10,9,1.255734e-01,0
stencil_starpu,17,64,64,100,10,0,1.788745e-01,0
stencil_starpu,17,64,64,100,10,1,1.146102e-01,0
stencil_starpu,17,64,64,100,10,2,1.335539e-01,0
stencil_starpu,17,64,64,100,10,3,1.402907e-01,0
stencil_starpu,17,64,64,100,10,4,1.360688e-01,0
stencil_starpu,17,64,64,100,10,5,1.353352e-01,0
stencil_starpu,17,64,64,100,10,6,1.131893e-01,0
stencil_starpu,17,64,64,100,10,7,1.234426e-01,0
stencil_starpu,17,64,64,100,10,8,1.221135e-01,0
stencil_starpu,17,64,64,100,10,9,1.395657e-01,0
stencil_starpu,18,64,64,100,10,0,1.157436e-01,0
stencil_starpu,18,64,64,100,10,1,1.364190e-01,0
stencil_starpu,18,64,64,100,10,2,1.266480e-01,0
stencil_starpu,18,64,64,100,10,3,1.418411e-01,0
stencil_starpu,18,64,64,100,10,4,1.610292e-01,0
stencil_starpu,18,64,64,100,10,5,1.338581e-01,0
stencil_starpu,18,64,64,100,10,6,1.313067e-01,0
stencil_starpu,18,64,64,100,10,7,1.560763e-01,0
stencil_starpu,18,64,64,100,10,8,1.178186e-01,0
stencil_starpu,18,64,64,100,10,9,1.600600e-01,0
stencil_starpu,19,64,64,100,10,0,1.367525e-01,0
stencil_starpu,19,64,64,100,10,1,1.364972e-01,0
stencil_starpu,19,64,64,100,10,2,1.444492e-01,0
stencil_starpu,19,64,64,100,10,3,1.384615e-01,0
stencil_starpu,19,64,64,100,10,4,1.216270e-01,0
stencil_starpu,19,64,64,100,10,5,1.476004e-01,0
stencil_starpu,19,64,64,100,10,6,1.173549e-01,0
stencil_starpu,19,64,64,100,10,7,1.311500e-01,0
stencil_starpu,19,64,64,100,10,8,1.289448e-01,0
stencil_starpu,19,64,64,100,10,9,1.304624e-01,0
stencil_starpu,20,64,64,100,10,0,1.300852e-01,0
stencil_starpu,20,64,64,100,10,1,1.289035e-01,0
stencil_starpu,20,64,64,100,10,2,1.419128e-01,0
stencil_starpu,20,64,64,100,10,3,1.483611e-01,0
stencil_starpu,20,64,64,100,10,4,1.731722e-01,0
stencil_starpu,20,64,64,100,10,5,1.225817e-01,0
stencil_starpu,20,64,64,100,10,6,1.158159e-01,0
stencil_starpu,20,64,64,100,10,7,1.189513e-01,0
stencil_starpu,20,64,64,100,10,8,1.531445e-01,0
stencil_starpu,20,64,64,100,10,9,1.575975e-01,0
stencil_starpu,21,64,64,100,10,0,1.603103e-01,0
stencil_starpu,21,64,64,100,10,1,1.516928e-01,0
stencil_starpu,21,64,64,100,10,2,1.452072e-01,0
stencil_starpu,21,64,64,100,10,3,1.637143e-01,0
stencil_starpu,21,64,64,100,10,4,1.639537e-01,0
stencil_starpu,21,64,64,100,10,5,1.354195e-01,0
stencil_starpu,21,64,64,100,10,6,1.275563e-01,0
stencil_starpu,21,64,64,100,10,7,1.570919e-01,0
stencil_starpu,21,64,64,100,10,8,1.422251e-01,0
stencil_starpu,21,64,64,100,10,9,1.471584e-01,0
stencil_starpu,22,64,64,100,10,0,1.750668e-01,0
stencil_starpu,22,64,64,100,10,1,1.398621e-01,0
stencil_starpu,22,64,64,100,10,2,1.617758e-01,0
stencil_starpu,22,64,64,100,10,3,1.660163e-01,0
stencil_starpu,22,64,64,100,10,4,1.652519e-01,0
stencil_starpu,22,64,64,100,10,5,1.548894e-01,0
stencil_starpu,22,64,64,100,10,6,1.366817e-01,0
stencil_starpu,22,64,64,100,10,7,1.438110e-01,0
stencil_starpu,22,64,64,100,10,8,1.738146e-01,0
stencil_starpu,22,64,64,100,10,9,1.571529e-01,0
stencil_starpu,23,64,64,100,10,0,1.375247e-01,0
stencil_starpu,23,64,64,100,10,1,1.737843e-01,0
stencil_starpu,23,64,64,100,10,2,1.424522e-01,0
stencil_starpu,23,64,64,100,10,3,1.278216e-01,0
stencil_starpu,23,64,64,100,10,4,1.720334e-01,0
stencil_starpu,23,64,64,100,10,5,1.678159e-01,0
stencil_starpu,23,64,64,100,10,6,1.541577e-01,0
stencil_starpu,23,64,64,100,10,7,1.553443e-01,0
stencil_starpu,23,64,64,100,10,8,1.644443e-01,0
stencil_starpu,23,64,64,100,10,9,1.466545e-01,0
stencil_starpu,24,64,64,100,10,0,1.541800e-01,0
stencil_starpu,24,64,64,100,10,1,1.571050e-01,0
stencil_starpu,24,64,64,100,10,2,1.576871e-01,0
stencil_starpu,24,64,64,100,10,3,1.691079e-01,0
stencil_starpu,24,64,64,100,10,4,1.899697e-01,0
stencil_starpu,24,64,64,100,10,5,1.542681e-01,0
stencil_starpu,24,64,64,100,10,6,1.421816e-01,0
stencil_starpu,24,64,64,100,10,7,1.598662e-01,0
stencil_starpu,24,64,64,100,10,8,1.699870e-01,0
stencil_starpu,24,64,64,100,10,9,1.760003e-01,0
stencil_starpu,2,128,128,100,10,0,6.997121e-02,0
stencil_starpu,2,128,128,100,10,1,7.408997e-02,0
stencil_starpu,2,128,128,100,10,2,7.776919e-02,0
stencil_starpu,2,128,128,100,10,3,1.022555e-01,0
stencil_starpu,2,128,128,100,10,4,1.024507e-01,0
stencil_starpu,2,128,128,100,10,5,1.045295e-01,0
stencil_starpu,2,128,128,100,10,6,1.112388e-01,0
stencil_starpu,2,128,128,100,10,7,8.127778e-02,0
stencil_starpu,2,128,128,100,10,8,7.272796e-02,0
stencil_starpu,2,128,128,100,10,9,9.631875e-02,0
stencil_starpu,3,128,128,100,10,0,1.082462e-01,0
stencil_starpu,3,128,128,100,10,1,1.032954e-01,0
stencil_starpu,3,128,128,100,10,2,1.019943e-01,0
stencil_starpu,3,128,128,100,10,3,7.754521e-02,0
stencil_starpu,3,128,128,100,10,4,1.067760e-01,0
stencil_starpu,3,128,128,100,10,5,1.051782e-01,0
stencil_starpu,3,128,128,100,10,6,1.001713e-01,0
stencil_starpu,3,128,128,100,10,7,1.046272e-01,0
stencil_starpu,3,128,128,100,10,8,1.021076e-01,0
stencil_starpu,3,128,128,100,10,9,8.138537e-02,0
stencil_starpu,4,128,128,100,10,0,1.037190e-01,0
stencil_starpu,4,128,128,100,10,1,1.026725e-01,0
stencil_starpu,4,128,128,100,10,2,1.174540e-01,0
stencil_starpu,4,128,128,100,10,3,1.173186e-01,0
stencil_starpu,4,128,128,100,10,4,1.147036e-01,0
stencil_starpu,4,128,128,100,10,5,1.158189e-01,0
stencil_starpu,4,128,128,100,10,6,1.191346e-01,0
stencil_starpu,4,128,128,100,10,7,1.066570e-01,0
stencil_starpu,4,128,128,100,10,8,1.023059e-01,0
stencil_starpu,4,128,128,100,10,9,1.083829e-01,0
stencil_starpu,5,128,128,100,10,0,1.225029e-01,0
stencil_starpu,5,128,128,100,10,1,1.145197e-01,0
stencil_starpu,5,128,128,100,10,2,9.594259e-02,0
stencil_starpu,5,128,128,100,10,3,1.460929e-01,0
stencil_starpu,5,128,128,100,10,4,8.539498e-02,0
stencil_starpu,5,128,128,100,10,5,1.145703e-01,0
stencil_starpu,5,128,128,100,10,6,7.968948e-02,0
stencil_starpu,5,128,128,100,10,7,8.934015e-02,0
stencil_starpu,5,128,128,100,10,8,1.221541e-01,0
stencil_starpu,5,128,128,100,10,9,1.284746e-01,0
stencil_starpu,6,128,128,100,10,0,1.190752e-01,0
stencil_starpu,6,128,128,100,10,1,1.346550e-01,0
stencil_starpu,6,128,128,100,10,2,1.169470e-01,0
stencil_starpu,6,128,128,100,10,3,1.030411e-01,0
stencil_starpu,6,128,128,100,10,4,1.366259e-01,0
stencil_starpu,6,128,128,100,10,5,1.163994e-01,0
stencil_starpu,6,128,128,100,10,6,9.478927e-02,0
stencil_starpu,6,128,128,100,10,7,1.237962e-01,0
stencil_starpu,6,128,128,100,10,8,8.090295e-02,0
stencil_starpu,6,128,128,100,10,9,1.285667e-01,0
stencil_starpu,7,128,128,100,10,0,1.337858e-01,0
stencil_starpu,7,128,128,100,10,1,1.274829e-01,0
stencil_starpu,7,128,128,100,10,2,1.197189e-01,0
stencil_starpu,7,128,128,100,10,3,1.300768e-01,0
stencil_starpu,7,128,128,100,10,4,1.299023e-01,0
stencil_starpu,7,128,128,100,10,5,1.275691e-01,0
stencil_starpu,7,128,128,100,10,6,1.252088e-01,0
stencil_starpu,7,128,128,100,10,7,1.252912e-01,0
stencil_starpu,7,128,128,100,10,8,1.249804e-01,0
stencil_starpu,7,128,128,100,10,9,1.042749e-01,0
stencil_starpu,8,128,128,100,10,0,1.359765e-01,0
stencil_starpu,8,128,128,100,10,1,9.490323e-02,0
stencil_starpu,8,128,128,100,10,2,1.111249e-01,0
stencil_starpu,8,128,128,100,10,3,1.286365e-01,0
stencil_starpu,8,128,128,100,10,4,1.602842e-01,0
stencil_starpu,8,128,128,100,10,5,1.314389e-01,0
stencil_starpu,8,128,128,100,10,6,1.289171e-01,0
stencil_starpu,8,128,128,100,10,7,1.027300e-01,0
stencil_starpu,8,128,128,100,10,8,1.246791e-01,0
stencil_starpu,8,128,128,100,10,9,1.283423e-01,0
stencil_starpu,9,128,128,100,10,0,1.230399e-01,0
stencil_starpu,9,128,128,100,10,1,1.058784e-01,0
stencil_starpu,9,128,128,100,10,2,1.178585e-01,0
stencil_starpu,9,128,128,100,10,3,1.512722e-01,0
stencil_starpu,9,128,128,100,10,4,1.345205e-01,0
stencil_starpu,9,128,128,100,10,5,1.318430e-01,0
stencil_starpu,9,128,128,100,10,6,1.352097e-01,0
stencil_starpu,9,128,128,100,10,7,1.026581e-01,0
stencil_starpu,9,128,128,100,10,8,1.162684e-01,0
stencil_starpu,9,128,128,100,10,9,1.519108e-01,0
stencil_starpu,10,128,128,100,10,0,1.482100e-01,0
stencil_starpu,10,128,128,100,10,1,1.435215e-01,0
stencil_starpu,10,128,128,100,10,2,1.424210e-01,0
stencil_starpu,10,128,128,100,10,3,1.603573e-01,0
stencil_starpu,10,128,128,100,10,4,1.244333e-01,0
stencil_starpu,10,128,128,100,10,5,1.435822e-01,0
stencil_starpu,10,128,128,100,10,6,1.330567e-01,0
stencil_starpu,10,128,128,100,10,7,9.634699e-02,0
stencil_starpu,10,128,128,100,10,8,1.086024e-01,0
stencil_starpu,10,128,128,100,10,9,1.483281e-01,0
stencil_starpu,11,128,128,100,10,0,1.415989e-01,0
stencil_starpu,11,128,128,100,10,1,1.448306e-01,0
stencil_starpu,11,128,128,100,10,2,1.436543e-01,0
stencil_starpu,11,128,128,100,10,3,1.437290e-01,0
stencil_starpu,11,128,128,100,10,4,1.727228e-01,0
stencil_starpu,11,128,128,100,10,5,1.084372e-01,0
stencil_starpu,11,128,128,100,10,6,1.021145e-01,0
stencil_starpu,11,128,128,100,10,7,1.109567e-01,0
stencil_starpu,11,128,128,100,10,8,1.124923e-01,0
stencil_starpu,11,128,128,100,10,9,1.544756e-01,0
stencil_starpu,12,128,128,100,10,0,1.280798e-01,0
stencil_starpu,12,128,128,100,10,1,1.453348e-01,0
stencil_starpu,12,128,128,100,10,2,1.633408e-01,0
stencil_starpu,12,128,128,100,10,3,1.490814e-01,0
stencil_starpu,12,128,128,100,10,4,1.613790e-01,0
stencil_starpu,12,128,128,100,10,5,1.499491e-01,0
stencil_starpu,12,128,128,100,10,6,1.489547e-01,0
stencil_starpu,12,128,128,100,10,7,1.487637e-01,0
stencil_starpu,12,128,128,100,10,8,1.463287e-01,0
stencil_starpu,12,128,128,100,10,9,1.578290e-01,0
stencil_starpu,13,128,128,100,10,0,1.575761e-01,0
stencil_starpu,13,128,128,100,10,1,1.498845e-01,0
stencil_starpu,13,128,128,100,10,2,1.202397e-01,0
stencil_starpu,13,128,128,100,10,3,1.429216e-01,0
stencil_starpu,13,128,128,100,10,4,1.319837e-01,0
stencil_starpu,13,128,128,100,10,5,1.210774e-01,0
stencil_starpu,13,128,128,100,10,6,1.515067e-01,0
stencil_starpu,13,128,128,100,10,7,1.184677e-01,0
stencil_starpu,13,128,128,100,10,8,1.169787e-01,0
stencil_starpu,13,128,128,100,10,9,1.516639e-01,0
stencil_starpu,14,128,128,100,10,0,1.607429e-01,0
stencil_starpu,14,128,128,100,10,1,1.612126e-01,0
stencil_starpu,14,128,128,100,10,2,1.465666e-01,0
stencil_starpu,14,128,128,100,10,3,1.451711e-01,0
stencil_starpu,14,128,128,100,10,4,1.759326e-01,0
stencil_starpu,14,128,128,100,10,5,1.387313e-01,0
stencil_starpu,14,128,128,100,10,6,1.239817e-01,0
stencil_starpu,14,128,128,100,10,7,1.556922e-01,0
stencil_starpu,14,128,128,100,10,8,1.524035e-01,0
stencil_starpu,14,128,128,100,10,9,1.411160e-01,0
stencil_starpu,15,128,128,100,10,0,1.491073e-01,0
stencil_starpu,15,128,128,100,10,1,1.567242e-01,0
stencil_starpu,15,128,128,100,10,2,1.656682e-01,0
stencil_starpu,15,128,128,100,10,3,1.431924e-01,0
stencil_starpu,15,128,128,100,10,4,1.476737e-01,0
stencil_starpu,15,128,128,100,10,5,1.610583e-01,0
stencil_starpu,15,128,128,100,10,6,1.601146e-01,0
stencil_starpu,15,128,128,100,10,7,1.358061e-01,0
stencil_starpu,15,128,128,100,10,8,1.348387e-01,0
stencil_starpu,15,128,128,100,10,9,1.315846e-01,0
stencil_starpu,16,128,128,100,10,0,1.440693e-01,0
stencil_starpu,16,128,128,100,10,1,1.764548e-01,0
stencil_starpu,16,128,128,100,10,2,1.628309e-01,0
stencil_starpu,16,128,128,100,10,3,1.318981e-01,0
stencil_starpu,16,128,128,100,10,4,1.965492e-01,0
stencil_starpu,16,128,128,100,10,5,1.514197e-01,0
stencil_starpu,16,128,128,100,10,6,1.406182e-01,0
stencil_starpu,16,128,128,100,10,7,1.544762e-01,0
stencil_starpu,16,128,128,100,10,8,1.479042e-01,0
stencil_starpu,16,128,128,100,10,9,1.476138e-01,0
stencil_starpu,17,128,128,100,10,0,1.931182e-01,0
stencil_starpu,17,128,128,100,10,1,1.444902e-01,0
stencil_starpu,17,128,128,100,10,2,1.533158e-01,0
stencil_starpu,17,128,128,100,10,3,1.513496e-01,0
stencil_starpu,17,128,128,100,10,4,1.898255e-01,0
stencil_starpu,17,128,128,100,10,5,1.520236e-01,0
stencil_starpu,17,128,128,100,10,6,1.606791e-01,0
stencil_starpu,17,128,128,100,10,7,1.507375e-01,0
stencil_starpu,17,128,128,100,10,8,1.814808e-01,0
stencil_starpu,17,128,128,100,10,9,1.426128e-01,0
stencil_starpu,18,128,128,100,10,0,1.787471e-01,0
stencil_starpu,18,128,128,100,10,1,1.417371e-01,0
stencil_starpu,18,128,128,100,10,2,1.804690e-01,0
stencil_starpu,18,128,128,100,10,3,1.503370e-01,0
stencil_starpu,18,128,128,100,10,4,1.570971e-01,0
stencil_starpu,18,128,128,100,10,5,1.494936e-01,0
stencil_starpu,18,128,128,100,10,6,1.442654e-01,0
stencil_starpu,18,128,128,100,10,7,1.291499e-01,0
stencil_starpu,18,128,128,100,10,8,1.951638e-01,0
stencil_starpu,18,128,128,100,10,9,1.758335e-01,0
stencil_starpu,19,128,128,100,10,0,1.990542e-01,0
stencil_starpu,19,128,128,100,10,1,1.717794e-01,0
stencil_starpu,19,128,128,100,10,2,1.863105e-01,0
stencil_starpu,19,128,128,100,10,3,1.769100e-01,0
stencil_starpu,19,128,128,100,10,4,1.849849e-01,0
stencil_starpu,19,128,128,100,10,5,1.632478e-01,0
stencil_starpu,19,128,128,100,10,6,1.640220e-01,0
stencil_starpu,19,128,128,100,10,7,1.528376e-01,0
stencil_starpu,19,128,128,100,10,8,1.856074e-01,0
stencil_starpu,19,128,128,100,10,9,1.803288e-01,0
stencil_starpu,20,128,128,100,10,0,1.728332e-01,0
stencil_starpu,20,128,128,100,10,1,1.530653e-01,0
stencil_starpu,20,128,128,100,10,2,1.562922e-01,0
stencil_starpu,20,128,128,100,10,3,1.743385e-01,0
stencil_starpu,20,128,128,100,10,4,2.108122e-01,0
stencil_starpu,20,128,128,100,10,5,1.527200e-01,0
stencil_starpu,20,128,128,100,10,6,1.733721e-01,0
stencil_starpu,20,128,128,100,10,7,1.699098e-01,0
stencil_starpu,20,128,128,100,10,8,2.034189e-01,0
stencil_starpu,20,128,128,100,10,9,1.712756e-01,0
stencil_starpu,21,128,128,100,10,0,1.852780e-01,0
stencil_starpu,21,128,128,100,10,1,1.519976e-01,0
stencil_starpu,21,128,128,100,10,2,1.872630e-01,0
stencil_starpu,21,128,128,100,10,3,1.809870e-01,0
stencil_starpu,21,128,128,100,10,4,1.908176e-01,0
stencil_starpu,21,128,128,100,10,5,1.499250e-01,0
stencil_starpu,21,128,128,100,10,6,1.447683e-01,0
stencil_starpu,21,128,128,100,10,7,1.868653e-01,0
stencil_starpu,21,128,128,100,10,8,1.930348e-01,0
stencil_starpu,21,128,128,100,10,9,1.682999e-01,0
stencil_starpu,22,128,128,100,10,0,1.837926e-01,0
stencil_starpu,22,128,128,100,10,1,1.534220e-01,0
stencil_starpu,22,128,128,100,10,2,1.497007e-01,0
stencil_starpu,22,128,128,100,10,3,1.711528e-01,0
stencil_starpu,22,128,128,100,10,4,1.801117e-01,0
stencil_starpu,22,128,128,100,10,5,2.042376e-01,0
stencil_starpu,22,128,128,100,10,6,1.608543e-01,0
stencil_starpu,22,128,128,100,10,7,1.663039e-01,0
stencil_starpu,22,128,128,100,10,8,1.682159e-01,0
stencil_starpu,22,128,128,100,10,9,1.855657e-01,0
stencil_starpu,23,128,128,100,10,0,2.067239e-01,0
stencil_starpu,23,128,128,100,10,1,1.956315e-01,0
stencil_starpu,23,128,128,100,10,2,2.026724e-01,0
stencil_starpu,23,128,128,100,10,3,2.214230e-01,0
stencil_starpu,23,128,128,100,10,4,2.057629e-01,0
stencil_starpu,23,128,128,100,10,5,1.622778e-01,0
stencil_starpu,23,128,128,100,10,6,1.894776e-01,0
stencil_starpu,23,128,128,100,10,7,1.628619e-01,0
stencil_starpu,23,128,128,100,10,8,1.979715e-01,0
stencil_starpu,23,128,128,100,10,9,1.974527e-01,0
stencil_starpu,24,128,128,100,10,0,2.070313e-01,0
stencil_starpu,24,128,128,100,10,1,1.601793e-01,0
stencil_starpu,24,128,128,100,10,2,1.962911e-01,0
stencil_starpu,24,128,128,100,10,3,1.880510e-01,0
stencil_starpu,24,128,128,100,10,4,2.232583e-01,0
stencil_starpu,24,128,128,100,10,5,1.847969e-01,0
stencil_starpu,24,128,128,100,10,6,1.745583e-01,0
stencil_starpu,24,128,128,100,10,7,1.545285e-01,0
stencil_starpu,24,128,128,100,10,8,1.926552e-01,0
stencil_starpu,24,128,128,100,10,9,1.828259e-01,0
stencil_starpu,2,256,256,100,10,0,1.095612e-01,0
stencil_starpu,2,256,256,100,10,1,1.067792e-01,0
stencil_starpu,2,256,256,100,10,2,1.135481e-01,0
stencil_starpu,2,256,256,100,10,3,1.144832e-01,0
stencil_starpu,2,256,256,100,10,4,1.172866e-01,0
stencil_starpu,2,256,256,100,10,5,1.174369e-01,0
stencil_starpu,2,256,256,100,10,6,1.201978e-01,0
stencil_starpu,2,256,256,100,10,7,1.143184e-01,0
stencil_starpu,2,256,256,100,10,8,1.133141e-01,0
stencil_starpu,2,256,256,100,10,9,9.132142e-02,0
stencil_starpu,3,256,256,100,10,0,1.232568e-01,0
stencil_starpu,3,256,256,100,10,1,1.201051e-01,0
stencil_starpu,3,256,256,100,10,2,1.256462e-01,0
stencil_starpu,3,256,256,100,10,3,9.470786e-02,0
stencil_starpu,3,256,256,100,10,4,1.296952e-01,0
stencil_starpu,3,256,256,100,10,5,1.099560e-01,0
stencil_starpu,3,256,256,100,10,6,1.196461e-01,0
stencil_starpu,3,256,256,100,10,7,1.231996e-01,0
stencil_starpu,3,256,256,100,10,8,1.220465e-01,0
stencil_starpu,3,256,256,100,10,9,1.378188e-01,0
stencil_starpu,4,256,256,100,10,0,1.281398e-01,0
stencil_starpu,4,256,256,100,10,1,1.096173e-01,0
stencil_starpu,4,256,256,100,10,2,1.254899e-01,0
stencil_starpu,4,256,256,100,10,3,1.088547e-01,0
stencil_starpu,4,256,256,100,10,4,1.244123e-01,0
stencil_starpu,4,256,256,100,10,5,1.212355e-01,0
stencil_starpu,4,256,256,100,10,6,1.178191e-01,0
stencil_starpu,4,256,256,100,10,7,9.306966e-02,0
stencil_starpu,4,256,256,100,10,8,1.263751e-01,0
stencil_starpu,4,256,256,100,10,9,1.303663e-01,0
stencil_starpu,5,256,256,100,10,0,1.441297e-01,0
stencil_starpu,5,256,256,100,10,1,7.943671e-02,0
stencil_starpu,5,256,256,100,10,2,1.229413e-01,0
stencil_starpu,5,256,256,100,10,3,9.283456e-02,0
stencil_starpu,5,256,256,100,10,4,9.503770e-02,0
stencil_starpu,5,256,256,100,10,5,1.077670e-01,0
stencil_starpu,5,256,256,100,10,6,9.931138e-02,0
stencil_starpu,5,256,256,100,10,7,1.235255e-01,0
stencil_starpu,5,256,256,100,10,8,1.203507e-01,0
stencil_starpu,5,256,256,100,10,9,1.169779e-01,0
stencil_starpu,6,256,256,100,10,0,1.376287e-01,0
stencil_starpu,6,256,256,100,10,1,1.184814e-01,0
stencil_starpu,6,256,256,100,10,2,1.173605e-01,0
stencil_starpu,6,256,256,100,10,3,1.009019e-01,0
stencil_starpu,6,256,256,100,10,4,8.952809e-02,0
stencil_starpu,6,256,256,100,10,5,1.300298e-01,0
stencil_starpu,6,256,256,100,10,6,1.126548e-01,0
stencil_starpu,6,256,256,100,10,7,9.401752e-02,0
stencil_starpu,6,256,256,100,10,8,9.205381e-02,0
stencil_starpu,6,256,256,100,10,9,1.263269e-01,0
stencil_starpu,7,256,256,100,10,0,1.309430e-01,0
stencil_starpu,7,256,256,100,10,1,1.262076e-01,0
stencil_starpu,7,256,256,100,10,2,1.013773e-01,0
stencil_starpu,7,256,256,100,10,3,1.083194e-01,0
stencil_starpu,7,256,256,100,10,4,1.230778e-01,0
stencil_starpu,7,256,256,100,10,5,1.171113e-01,0
stencil_starpu,7,256,256,100,10,6,1.148871e-01,0
stencil_starpu,7,256,256,100,10,7,1.270359e-01,0
stencil_starpu,7,256,256,100,10,8,1.324697e-01,0
stencil_starpu,7,256,256,100,10,9,9.130453e-02,0
stencil_starpu,8,256,256,100,10,0,1.322817e-01,0
stencil_starpu,8,256,256,100,10,1,1.255892e-01,0
stencil_starpu,8,256,256,100,10,2,1.268735e-01,0
stencil_starpu,8,256,256,100,10,3,1.134200e-01,0
stencil_starpu,8,256,256,100,10,4,1.392198e-01,0
stencil_starpu,8,256,256,100,10,5,1.207110e-01,0
stencil_starpu,8,256,256,100,10,6,1.242231e-01,0
stencil_starpu,8,256,256,100,10,7,1.291019e-01,0
stencil_starpu,8,256,256,100,10,8,1.445627e-01,0
stencil_starpu,8,256,256,100,10,9,1.253556e-01,0
stencil_starpu,9,256,256,100,10,0,1.448643e-01,0
stencil_starpu,9,256,256,100,10,1,1.322947e-01,0
stencil_starpu,9,256,256,100,10,2,1.281881e-01,0
stencil_starpu,9,256,256,100,10,3,1.499163e-01,0
stencil_starpu,9,256,256,100,10,4,1.352284e-01,0
stencil_starpu,9,256,256,100,10,5,1.339390e-01,0
stencil_starpu,9,256,256,100,10,6,1.005702e-01,0
stencil_starpu,9,256,256,100,10,7,9.438904e-02,0
stencil_starpu,9,256,256,100,10,8,1.208809e-01,0
stencil_starpu,9,256,256,100,10,9,1.426956e-01,0
stencil_starpu,10,256,256,100,10,0,1.482341e-01,0
stencil_starpu,10,256,256,100,10,1,1.344677e-01,0
stencil_starpu,10,256,256,100,10,2,1.371375e-01,0
stencil_starpu,10,256,256,100,10,3,1.269845e-01,0
stencil_starpu,10,256,256,100,10,4,9.544880e-02,0
stencil_starpu,10,256,256,100,10,5,1.216775e-01,0
stencil_starpu,10,256,256,100,10,6,1.448953e-01,0
stencil_starpu,10,256,256,100,10,7,1.285617e-01,0
stencil_starpu,10,256,256,100,10,8,1.187393e-01,0
stencil_starpu,10,256,256,100,10,9,1.209136e-01,0
stencil_starpu,11,256,256,100,10,0,1.500193e-01,0
stencil_starpu,11,256,256,100,10,1,1.416184e-01,0
stencil_starpu,11,256,256,100,10,2,1.129412e-01,0
stencil_starpu,11,256,256,100,10,3,1.319134e-01,0
stencil_starpu,11,256,256,100,10,4,1.442422e-01,0
stencil_starpu,11,256,256,100,10,5,1.551479e-01,0
stencil_starpu,11,256,256,100,10,6,1.580672e-01,0
stencil_starpu,11,256,256,100,10,7,1.459125e-01,0
stencil_starpu,11,256,256,100,10,8,1.230296e-01,0
stencil_starpu,11,256,256,100,10,9,1.139641e-01,0
stencil_starpu,12,256,256,100,10,0,1.705128e-01,0
stencil_starpu,12,256,256,100,10,1,1.439790e-01,0
stencil_starpu,12,256,256,100,10,2,1.455265e-01,0
stencil_starpu,12,256,256,100,10,3,1.494007e-01,0
stencil_starpu,12,256,256,100,10,4,1.571581e-01,0
stencil_starpu,12,256,256,100,10,5,1.613557e-01,0
stencil_starpu,12,256,256,100,10,6,1.408605e-01,0
stencil_starpu,12,256,256,100,10,7,1.578131e-01,0
stencil_starpu,12,256,256,100,10,8,1.419724e-01,0
stencil_starpu,12,256,256,100,10,9,1.150090e-01,0
stencil_starpu,13,256,256,100,10,0,1.483456e-01,0
stencil_starpu,13,256,256,100,10,1,1.498300e-01,0
stencil_starpu,13,256,256,100,10,2,1.187249e-01,0
stencil_starpu,13,256,256,100,10,3,1.588051e-01,0
stencil_starpu,13,256,256,100,10,4,1.694691e-01,0
stencil_starpu,13,256,256,100,10,5,1.604538e-01,0
stencil_starpu,13,256,256,100,10,6,1.599348e-01,0
stencil_starpu,13,256,256,100,10,7,1.569523e-01,0
stencil_starpu,13,256,256,100,10,8,1.625879e-01,0
stencil_starpu,13,256,256,100,10,9,1.272147e-01,0
stencil_starpu,14,256,256,100,10,0,1.705948e-01,0
stencil_starpu,14,256,256,100,10,1,1.553719e-01,0
stencil_starpu,14,256,256,100,10,2,1.455852e-01,0
stencil_starpu,14,256,256,100,10,3,1.449962e-01,0
stencil_starpu,14,256,256,100,10,4,1.567267e-01,0
stencil_starpu,14,256,256,100,10,5,1.624900e-01,0
stencil_starpu,14,256,256,100,10,6,1.587912e-01,0
stencil_starpu,14,256,256,100,10,7,1.298851e-01,0
stencil_starpu,14,256,256,100,10,8,1.466023e-01,0
stencil_starpu,14,256,256,100,10,9,1.638730e-01,0
stencil_starpu,15,256,256,100,10,0,1.674257e-01,0
stencil_starpu,15,256,256,100,10,1,1.295068e-01,0
stencil_starpu,15,256,256,100,10,2,1.605674e-01,0
stencil_starpu,15,256,256,100,10,3,1.665445e-01,0
stencil_starpu,15,256,256,100,10,4,1.798139e-01,0
stencil_starpu,15,256,256,100,10,5,1.693959e-01,0
stencil_starpu,15,256,256,100,10,6,1.730418e-01,0
stencil_starpu,15,256,256,100,10,7,1.328808e-01,0
stencil_starpu,15,256,256,100,10,8,1.825262e-01,0
stencil_starpu,15,256,256,100,10,9,1.763704e-01,0
stencil_starpu,16,256,256,100,10,0,1.730184e-01,0
stencil_starpu,16,256,256,100,10,1,1.707214e-01,0
stencil_starpu,16,256,256,100,10,2,1.674703e-01,0
stencil_starpu,16,256,256,100,10,3,1.494392e-01,0
stencil_starpu,16,256,256,100,10,4,1.614794e-01,0
stencil_starpu,16,256,256,100,10,5,1.939919e-01,0
stencil_starpu,16,256,256,100,10,6,1.810308e-01,0
stencil_starpu,16,256,256,100,10,7,1.728837e-01,0
stencil_starpu,16,256,256,100,10,8,1.795575e-01,0
stencil_starpu,16,256,256,100,10,9,1.703765e-01,0
stencil_starpu,17,256,256,100,10,0,1.714101e-01,0
stencil_starpu,17,256,256,100,10,1,1.670128e-01,0
stencil_starpu,17,256,256,100,10,2,1.367805e-01,0
stencil_starpu,17,256,256,100,10,3,1.717323e-01,0
stencil_starpu,17,256,256,100,10,4,1.463355e-01,0
stencil_starpu,17,256,256,100,10,5,1.753397e-01,0
stencil_starpu,17,256,256,100,10,6,1.599107e-01,0
stencil_starpu,17,256,256,100,10,7,1.501772e-01,0
stencil_starpu,17,256,256,100,10,8,1.860502e-01,0
stencil_starpu,17,256,256,100,10,9,1.719949e-01,0
stencil_starpu,18,256,256,100,10,0,1.921332e-01,0
stencil_starpu,18,256,256,100,10,1,1.875925e-01,0
stencil_starpu,18,256,256,100,10,2,1.840643e-01,0
stencil_starpu,18,256,256,100,10,3,1.924550e-01,0
stencil_starpu,18,256,256,100,10,4,2.031996e-01,0
stencil_starpu,18,256,256,100,10,5,2.162417e-01,0
stencil_starpu,18,256,256,100,10,6,1.826860e-01,0
stencil_starpu,18,256,256,100,10,7,1.979706e-01,0
stencil_starpu,18,256,256,100,10,8,1.892633e-01,0
stencil_starpu,18,256,256,100,10,9,2.004507e-01,0
stencil_starpu,19,256,256,100,10,0,1.913154e-01,0
stencil_starpu,19,256,256,100,10,1,1.779345e-01,0
stencil_starpu,19,256,256,100,10,2,1.671533e-01,0
stencil_starpu,19,256,256,100,10,3,2.055263e-01,0
stencil_starpu,19,256,256,100,10,4,1.988839e-01,0
stencil_starpu,19,256,256,100,10,5,1.977492e-01,0
stencil_starpu,19,256,256,100,10,6,1.615505e-01,0
stencil_starpu,19,256,256,100,10,7,1.916727e-01,0
stencil_starpu,19,256,256,100,10,8,1.848349e-01,0
stencil_starpu,19,256,256,100,10,9,2.043962e-01,0
stencil_starpu,20,256,256,100,10,0,1.945877e-01,0
stencil_starpu,20,256,256,100,10,1,1.880633e-01,0
stencil_starpu,20,256,256,100,10,2,1.804157e-01,0
stencil_starpu,20,256,256,100,10,3,1.749300e-01,0
stencil_starpu,20,256,256,100,10,4,1.610078e-01,0
stencil_starpu,20,256,256,100,10,5,1.756828e-01,0
stencil_starpu,20,256,256,100,10,6,1.709718e-01,0
stencil_starpu,20,256,256,100,10,7,1.655822e-01,0
stencil_starpu,20,256,256,100,10,8,2.059097e-01,0
stencil_starpu,20,256,256,100,10,9,2.017180e-01,0
stencil_starpu,21,256,256,100,10,0,1.972440e-01,0
stencil_starpu,21,256,256,100,10,1,1.856787e-01,0
stencil_starpu,21,256,256,100,10,2,1.703974e-01,0
stencil_starpu,21,256,256,100,10,3,1.700669e-01,0
stencil_starpu,21,256,256,100,10,4,2.030678e-01,0
stencil_starpu,21,256,256,100,10,5,1.910738e-01,0
stencil_starpu,21,256,256,100,10,6,1.847931e-01,0
stencil_starpu,21,256,256,100,10,7,1.750327e-01,0
stencil_starpu,21,256,256,100,10,8,2.100291e-01,0
stencil_starpu,21,256,256,100,10,9,1.897622e-01,0
stencil_starpu,22,256,256,100,10,0,1.929838e-01,0
stencil_starpu,22,256,256,100,10,1,1.937775e-01,0
stencil_starpu,22,256,256,100,10,2,2.020345e-01,0
stencil_starpu,22,256,256,100,10,3,2.068782e-01,0
stencil_starpu,22,256,256,100,10,4,2.074928e-01,0
stencil_starpu,22,256,256,100,10,5,2.197166e-01,0
stencil_starpu,22,256,256,100,10,6,2.034944e-01,0
stencil_starpu,22,256,256,100,10,7,2.181068e-01,0
stencil_starpu,22,256,256,100,10,8,2.110667e-01,0
stencil_starpu,22,256,256,100,10,9,2.105669e-01,0
stencil_starpu,23,256,256,100,10,0,1.954211e-01,0
stencil_starpu,23,256,256,100,10,1,1.977715e-01,0
stencil_starpu,23,256,256,100,10,2,1.857988e-01,0
stencil_starpu,23,256,256,100,10,3,1.978110e-01,0
stencil_starpu,23,256,256,100,10,4,2.003509e-01,0
stencil_starpu,23,256,256,100,10,5,2.026978e-01,0
stencil_starpu,23,256,256,100,10,6,2.096800e-01,0
stencil_starpu,23,256,256,100,10,7,2.120816e-01,0
stencil_starpu,23,256,256,100,10,8,2.156338e-01,0
stencil_starpu,23,256,256,100,10,9,2.064676e-01,0
stencil_starpu,24,256,256,100,10,0,1.979902e-01,0
stencil_starpu,24,256,256,100,10,1,1.923094e-01,0
stencil_starpu,24,256,256,100,10,2,1.901118e-01,0
stencil_starpu,24,256,256,100,10,3,2.084515e-01,0
stencil_starpu,24,256,256,100,10,4,2.129832e-01,0
stencil_starpu,24,256,256,100,10,5,2.116153e-01,0
stencil_starpu,24,256,256,100,10,6,2.064171e-01,0
stencil_starpu,24,256,256,100,10,7,2.122554e-01,0
stencil_starpu,24,256,256,100,10,8,2.138780e-01,0
stencil_starpu,24,256,256,100,10,9,2.186411e-01,0
stencil_starpu,2,512,512,100,10,0,1.856921e-01,0
stencil_starpu,2,512,512,100,10,1,1.817201e-01,0
stencil_starpu,2,512,512,100,10,2,1.935409e-01,0
stencil_starpu,2,512,512,100,10,3,1.824345e-01,0
stencil_starpu,2,512,512,100,10,4,1.874297e-01,0
stencil_starpu,2,512,512,100,10,5,1.836009e-01,0
stencil_starpu,2,512,512,100,10,6,1.871079e-01,0
stencil_starpu,2,512,512,100,10,7,1.805037e-01,0
stencil_starpu,2,512,512,100,10,8,1.847333e-01,0
stencil_starpu,2,512,512,100,10,9,1.981711e-01,0
stencil_starpu,3,512,512,100,10,0,1.643015e-01,0
stencil_starpu,3,512,512,100,10,1,1.658064e-01,0
stencil_starpu,3,512,512,100,10,2,1.578914e-01,0
stencil_starpu,3,512,512,100,10,3,1.583211e-01,0
stencil_starpu,3,512,512,100,10,4,1.566938e-01,0
stencil_starpu,3,512,512,100,10,5,1.371047e-01,0
stencil_starpu,3,512,512,100,10,6,1.296971e-01,0
stencil_starpu,3,512,512,100,10,7,1.602967e-01,0
stencil_starpu,3,512,512,100,10,8,1.702952e-01,0
stencil_starpu,3,512,512,100,10,9,1.503342e-01,0
stencil_starpu,4,512,512,100,10,0,1.471600e-01,0
stencil_starpu,4,512,512,100,10,1,1.185314e-01,0
stencil_starpu,4,512,512,100,10,2,1.127212e-01,0
stencil_starpu,4,512,512,100,10,3,1.174150e-01,0
stencil_starpu,4,512,512,100,10,4,1.201491e-01,0
stencil_starpu,4,512,512,100,10,5,1.478931e-01,0
stencil_starpu,4,512,512,100,10,6,1.461336e-01,0
stencil_starpu,4,512,512,100,10,7,1.578594e-01,0
stencil_starpu,4,512,512,100,10,8,1.487791e-01,0
stencil_starpu,4,512,512,100,10,9,1.486408e-01,0
stencil_starpu,5,512,512,100,10,0,1.602553e-01,0
stencil_starpu,5,512,512,100,10,1,1.496312e-01,0
stencil_starpu,5,512,512,100,10,2,1.481049e-01,0
stencil_starpu,5,512,512,100,10,3,1.556376e-01,0
stencil_starpu,5,512,512,100,10,4,1.497565e-01,0
stencil_starpu,5,512,512,100,10,5,1.548369e-01,0
stencil_starpu,5,512,512,100,10,6,1.590877e-01,0
stencil_starpu,5,512,512,100,10,7,1.502358e-01,0
stencil_starpu,5,512,512,100,10,8,1.600484e-01,0
stencil_starpu,5,512,512,100,10,9,1.494268e-01,0
stencil_starpu,6,512,512,100,10,0,1.513658e-01,0
stencil_starpu,6,512,512,100,10,1,1.409679e-01,0
stencil_starpu,6,512,512,100,10,2,1.581468e-01,0
stencil_starpu,6,512,512,100,10,3,1.191340e-01,0
stencil_starpu,6,512,512,100,10,4,1.457653e-01,0
stencil_starpu,6,512,512,100,10,5,1.491101e-01,0
stencil_starpu,6,512,512,100,10,6,1.457152e-01,0
stencil_starpu,6,512,512,100,10,7,1.466463e-01,0
stencil_starpu,6,512,512,100,10,8,1.496343e-01,0
stencil_starpu,6,512,512,100,10,9,1.437308e-01,0
stencil_starpu,7,512,512,100,10,0,1.595591e-01,0
stencil_starpu,7,512,512,100,10,1,1.462502e-01,0
stencil_starpu,7,512,512,100,10,2,1.181665e-01,0
stencil_starpu,7,512,512,100,10,3,1.535669e-01,0
stencil_starpu,7,512,512,100,10,4,1.646086e-01,0
stencil_starpu,7,512,512,100,10,5,1.216721e-01,0
stencil_starpu,7,512,512,100,10,6,1.523926e-01,0
stencil_starpu,7,512,512,100,10,7,1.451949e-01,0
stencil_starpu,7,512,512,100,10,8,1.261142e-01,0
stencil_starpu,7,512,512,100,10,9,1.119364e-01,0
stencil_starpu,8,512,512,100,10,0,1.560778e-01,0
stencil_starpu,8,512,512,100,10,1,1.404243e-01,0
stencil_starpu,8,512,512,100,10,2,1.200321e-01,0
stencil_starpu,8,512,512,100,10,3,1.499808e-01,0
stencil_starpu,8,512,512,100,10,4,1.459927e-01,0
stencil_starpu,8,512,512,100,10,5,1.218719e-01,0
stencil_starpu,8,512,512,100,10,6,1.626136e-01,0
stencil_starpu,8,512,512,100,10,7,1.491174e-01,0
stencil_starpu,8,512,512,100,10,8,1.552683e-01,0
stencil_starpu,8,512,512,100,10,9,1.404172e-01,0
stencil_starpu,9,512,512,100,10,0,1.329308e-01,0
stencil_starpu,9,512,512,100,10,1,1.494460e-01,0
stencil_starpu,9,512,512,100,10,2,1.577367e-01,0
stencil_starpu,9,512,512,100,10,3,1.373704e-01,0
stencil_starpu,9,512,512,100,10,4,1.573522e-01,0
stencil_starpu,9,512,512,100,10,5,1.480391e-01,0
stencil_starpu,9,512,512,100,10,6,1.502638e-01,0
stencil_starpu,9,512,512,100,10,7,1.478664e-01,0
stencil_starpu,9,512,512,100,10,8,1.508272e-01,0
stencil_starpu,9,512,512,100,10,9,1.280453e-01,0
stencil_starpu,10,512,512,100,10,0,1.366561e-01,0
stencil_starpu,10,512,512,100,10,1,1.558423e-01,0
stencil_starpu,10,512,512,100,10,2,1.585191e-01,0
stencil_starpu,10,512,512,100,10,3,1.474850e-01,0
stencil_starpu,10,512,512,100,10,4,1.525825e-01,0
stencil_starpu,10,512,512,100,10,5,1.568374e-01,0
stencil_starpu,10,512,512,100,10,6,1.564907e-01,0
stencil_starpu,10,512,512,100,10,7,1.563736e-01,0
stencil_starpu,10,512,512,100,10,8,1.488620e-01,0
stencil_starpu,10,512,512,100,10,9,1.792638e-01,0
stencil_starpu,11,512,512,100,10,0,1.811688e-01,0
stencil_starpu,11,512,512,100,10,1,1.648168e-01,0
stencil_starpu,11,512,512,100,10,2,1.814846e-01,0
stencil_starpu,11,512,512,100,10,3,1.592420e-01,0
stencil_starpu,11,512,512,100,10,4,1.733202e-01,0
stencil_starpu,11,512,512,100,10,5,1.820620e-01,0
stencil_starpu,11,512,512,100,10,6,1.731507e-01,0
stencil_starpu,11,512,512,100,10,7,1.793561e-01,0
stencil_starpu,11,512,512,100,10,8,1.773647e-01,0
stencil_starpu,11,512,512,100,10,9,1.752188e-01,0
stencil_starpu,12,512,512,100,10,0,1.675669e-01,0
stencil_starpu,12,512,512,100,10,1,1.623262e-01,0
stencil_starpu,12,512,512,100,10,2,1.613290e-01,0
stencil_starpu,12,512,512,100,10,3,1.610504e-01,0
stencil_starpu,12,512,512,100,10,4,1.756664e-01,0
stencil_starpu,12,512,512,100,10,5,1.325896e-01,0
stencil_starpu,12,512,512,100,10,6,1.388500e-01,0
stencil_starpu,12,512,512,100,10,7,1.797484e-01,0
stencil_starpu,12,512,512,100,10,8,1.313086e-01,0
stencil_starpu,12,512,512,100,10,9,1.604611e-01,0
stencil_starpu,13,512,512,100,10,0,1.729403e-01,0
stencil_starpu,13,512,512,100,10,1,1.313021e-01,0
stencil_starpu,13,512,512,100,10,2,1.091438e-01,0
stencil_starpu,13,512,512,100,10,3,1.267326e-01,0
stencil_starpu,13,512,512,100,10,4,1.849080e-01,0
stencil_starpu,13,512,512,100,10,5,1.737645e-01,0
stencil_starpu,13,512,512,100,10,6,1.685089e-01,0
stencil_starpu,13,512,512,100,10,7,1.486506e-01,0
stencil_starpu,13,512,512,100,10,8,1.645247e-01,0
stencil_starpu,13,512,512,100,10,9,1.628899e-01,0
stencil_starpu,14,512,512,100,10,0,1.761109e-01,0
stencil_starpu,14,512,512,100,10,1,1.585010e-01,0
stencil_starpu,14,512,512,100,10,2,1.680228e-01,0
stencil_starpu,14,512,512,100,10,3,1.718821e-01,0
stencil_starpu,14,512,512,100,10,4,1.898909e-01,0
stencil_starpu,14,512,512,100,10,5,1.477293e-01,0
stencil_starpu,14,512,512,100,10,6,1.161095e-01,0
stencil_starpu,14,512,512,100,10,7,1.725638e-01,0
stencil_starpu,14,512,512,100,10,8,1.668197e-01,0
stencil_starpu,14,512,512,100,10,9,1.623704e-01,0
stencil_starpu,15,512,512,100,10,0,1.800240e-01,0
stencil_starpu,15,512,512,100,10,1,1.646215e-01,0
stencil_starpu,15,512,512,100,10,2,1.406415e-01,0
stencil_starpu,15,512,512,100,10,3,1.701848e-01,0
stencil_starpu,15,512,512,100,10,4,1.781103e-01,0
stencil_starpu,15,512,512,100,10,5,1.898088e-01,0
stencil_starpu,15,512,512,100,10,6,1.882893e-01,0
stencil_starpu,15,512,512,100,10,7,2.007080e-01,0
stencil_starpu,15,512,512,100,10,8,2.071226e-01,0
stencil_starpu,15,512,512,100,10,9,1.847326e-01,0
stencil_starpu,16,512,512,100,10,0,1.854988e-01,0
stencil_starpu,16,512,512,100,10,1,1.415040e-01,0
stencil_starpu,16,512,512,100,10,2,1.452069e-01,0
stencil_starpu,16,512,512,100,10,3,1.819061e-01,0
stencil_starpu,16,512,512,100,10,4,1.794152e-01,0
stencil_starpu,16,512,512,100,10,5,1.850029e-01,0
stencil_starpu,16,512,512,100,10,6,1.328574e-01,0
stencil_starpu,16,512,512,100,10,7,1.830911e-01,0
stencil_starpu,16,512,512,100,10,8,1.770103e-01,0
stencil_starpu,16,512,512,100,10,9,1.763412e-01,0
stencil_starpu,17,512,512,100,10,0,1.720512e-01,0
stencil_starpu,17,512,512,100,10,1,1.422864e-01,0
stencil_starpu,17,512,512,100,10,2,1.711234e-01,0
stencil_starpu,17,512,512,100,10,3,1.419125e-01,0
stencil_starpu,17,512,512,100,10,4,1.795553e-01,0
stencil_starpu,17,512,512,100,10,5,1.708085e-01,0
stencil_starpu,17,512,512,100,10,6,1.762883e-01,0
stencil_starpu,17,512,512,100,10,7,1.775013e-01,0
stencil_starpu,17,512,512,100,10,8,1.870071e-01,0
stencil_starpu,17,512,512,100,10,9,1.765230e-01,0
stencil_starpu,18,512,512,100,10,0,1.966080e-01,0
stencil_starpu,18,512,512,100,10,1,1.837305e-01,0
stencil_starpu,18,512,512,100,10,2,1.979339e-01,0
stencil_starpu,18,512,512,100,10,3,2.060322e-01,0
stencil_starpu,18,512,512,100,10,4,1.997539e-01,0
stencil_starpu,18,512,512,100,10,5,1.994916e-01,0
stencil_starpu,18,512,512,100,10,6,1.862199e-01,0
stencil_starpu,18,512,512,100,10,7,1.851569e-01,0
stencil_starpu,18,512,512,100,10,8,1.637826e-01,0
stencil_starpu,18,512,512,100,10,9,1.937081e-01,0
stencil_starpu,19,512,512,100,10,0,1.892684e-01,0
stencil_starpu,19,512,512,100,10,1,1.986853e-01,0
stencil_starpu,19,512,512,100,10,2,1.804387e-01,0
stencil_starpu,19,512,512,100,10,3,1.925512e-01,0
stencil_starpu,19,512,512,100,10,4,1.984483e-01,0
stencil_starpu,19,512,512,100,10,5,2.012590e-01,0
stencil_starpu,19,512,512,100,10,6,1.827906e-01,0
stencil_starpu,19,512,512,100,10,7,1.866855e-01,0
stencil_starpu,19,512,512,100,10,8,2.095817e-01,0
stencil_starpu,19,512,512,100,10,9,1.869007e-01,0
stencil_starpu,20,512,512,100,10,0,1.595501e-01,0
stencil_starpu,20,512,512,100,10,1,1.933103e-01,0
stencil_starpu,20,512,512,100,10,2,1.899760e-01,0
stencil_starpu,20,512,512,100,10,3,1.886475e-01,0
stencil_starpu,20,512,512,100,10,4,2.150449e-01,0
stencil_starpu,20,512,512,100,10,5,1.983466e-01,0
stencil_starpu,20,512,512,100,10,6,1.931738e-01,0
stencil_starpu,20,512,512,100,10,7,2.031036e-01,0
stencil_starpu,20,512,512,100,10,8,1.598442e-01,0
stencil_starpu,20,512,512,100,10,9,1.748700e-01,0
stencil_starpu,21,512,512,100,10,0,2.011865e-01,0
stencil_starpu,21,512,512,100,10,1,2.020894e-01,0
stencil_starpu,21,512,512,100,10,2,1.975478e-01,0
stencil_starpu,21,512,512,100,10,3,1.928261e-01,0
stencil_starpu,21,512,512,100,10,4,1.932334e-01,0
stencil_starpu,21,512,512,100,10,5,2.011243e-01,0
stencil_starpu,21,512,512,100,10,6,2.021802e-01,0
stencil_starpu,21,512,512,100,10,7,2.168995e-01,0
stencil_starpu,21,512,512,100,10,8,2.127983e-01,0
stencil_starpu,21,512,512,100,10,9,2.167590e-01,0
stencil_starpu,22,512,512,100,10,0,2.149342e-01,0
stencil_starpu,22,512,512,100,10,1,1.466936e-01,0
stencil_starpu,22,512,512,100,10,2,2.030013e-01,0
stencil_starpu,22,512,512,100,10,3,1.981314e-01,0
stencil_starpu,22,512,512,100,10,4,2.071925e-01,0
stencil_starpu,22,512,512,100,10,5,2.065335e-01,0
stencil_starpu,22,512,512,100,10,6,2.028231e-01,0
stencil_starpu,22,512,512,100,10,7,2.095365e-01,0
stencil_starpu,22,512,512,100,10,8,2.068800e-01,0
stencil_starpu,22,512,512,100,10,9,1.771743e-01,0
stencil_starpu,23,512,512,100,10,0,2.173440e-01,0
stencil_starpu,23,512,512,100,10,1,2.182739e-01,0
stencil_starpu,23,512,512,100,10,2,2.210226e-01,0
stencil_starpu,23,512,512,100,10,3,2.232040e-01,0
stencil_starpu,23,512,512,100,10,4,2.351810e-01,0
stencil_starpu,23,512,512,100,10,5,2.290872e-01,0
stencil_starpu,23,512,512,100,10,6,1.997260e-01,0
stencil_starpu,23,512,512,100,10,7,1.592996e-01,0
stencil_starpu,23,512,512,100,10,8,2.330951e-01,0
stencil_starpu,23,512,512,100,10,9,2.494947e-01,0
stencil_starpu,24,512,512,100,10,0,2.116490e-01,0
stencil_starpu,24,512,512,100,10,1,2.124625e-01,0
stencil_starpu,24,512,512,100,10,2,2.077018e-01,0
stencil_starpu,24,512,512,100,10,3,1.689479e-01,0
stencil_starpu,24,512,512,100,10,4,2.229763e-01,0
stencil_starpu,24,512,512,100,10,5,2.213462e-01,0
stencil_starpu,24,512,512,100,10,6,2.026414e-01,0
stencil_starpu,24,512,512,100,10,7,2.212200e-01,0
stencil_starpu,24,512,512,100,10,8,2.252594e-01,0
stencil_starpu,24,512,512,100,10,9,1.983830e-01,0
stencil_starpu,2,1024,1024,100,10,0,3.867974e-01,0
stencil_starpu,2,1024,1024,100,10,1,3.696506e-01,0
stencil_starpu,2,1024,1024,100,10,2,3.601766e-01,0
stencil_starpu,2,1024,1024,100,10,3,3.614773e-01,0
stencil_starpu,2,1024,1024,100,10,4,3.834428e-01,0
stencil_starpu,2,1024,1024,100,10,5,3.587889e-01,0
stencil_starpu,2,1024,1024,100,10,6,3.606443e-01,0
stencil_starpu,2,1024,1024,100,10,7,3.357293e-01,0
stencil_starpu,2,1024,1024,100,10,8,3.299062e-01,0
stencil_starpu,2,1024,1024,100,10,9,3.660705e-01,0
stencil_starpu,3,1024,1024,100,10,0,3.070634e-01,0
stencil_starpu,3,1024,1024,100,10,1,2.908607e-01,0
stencil_starpu,3,1024,1024,100,10,2,2.961394e-01,0
stencil_starpu,3,1024,1024,100,10,3,3.032130e-01,0
stencil_starpu,3,1024,1024,100,10,4,2.914341e-01,0
stencil_starpu,3,1024,1024,100,10,5,2.723618e-01,0
stencil_starpu,3,1024,1024,100,10,6,2.606296e-01,0
stencil_starpu,3,1024,1024,100,10,7,2.652059e-01,0
stencil_starpu,3,1024,1024,100,10,8,2.601315e-01,0
stencil_starpu,3,1024,1024,100,10,9,2.947100e-01,0
stencil_starpu,4,1024,1024,100,10,0,2.778754e-01,0
stencil_starpu,4,1024,1024,100,10,1,2.571937e-01,0
stencil_starpu,4,1024,1024,100,10,2,2.562466e-01,0
stencil_starpu,4,1024,1024,100,10,3,2.599225e-01,0
stencil_starpu,4,1024,1024,100,10,4,2.634322e-01,0
stencil_starpu,4,1024,1024,100,10,5,2.569301e-01,0
stencil_starpu,4,1024,1024,100,10,6,2.569052e-01,0
stencil_starpu,4,1024,1024,100,10,7,2.430031e-01,0
stencil_starpu,4,1024,1024,100,10,8,2.697509e-01,0
stencil_starpu,4,1024,1024,100,10,9,2.637131e-01,0
stencil_starpu,5,1024,1024,100,10,0,2.736175e-01,0
stencil_starpu,5,1024,1024,100,10,1,2.148098e-01,0
stencil_starpu,5,1024,1024,100,10,2,2.377145e-01,0
stencil_starpu,5,1024,1024,100,10,3,2.488873e-01,0
stencil_starpu,5,1024,1024,100,10,4,2.507391e-01,0
stencil_starpu,5,1024,1024,100,10,5,2.371652e-01,0
stencil_starpu,5,1024,1024,100,10,6,2.366328e-01,0
stencil_starpu,5,1024,1024,100,10,7,2.374332e-01,0
stencil_starpu,5,1024,1024,100,10,8,2.129625e-01,0
stencil_starpu,5,1024,1024,100,10,9,2.098155e-01,0
stencil_starpu,6,1024,1024,100,10,0,2.289820e-01,0
stencil_starpu,6,1024,1024,100,10,1,2.075112e-01,0
stencil_starpu,6,1024,1024,100,10,2,1.996576e-01,0
stencil_starpu,6,1024,1024,100,10,3,2.365752e-01,0
stencil_starpu,6,1024,1024,100,10,4,2.444488e-01,0
stencil_starpu,6,1024,1024,100,10,5,2.218776e-01,0
stencil_starpu,6,1024,1024,100,10,6,2.225776e-01,0
stencil_starpu,6,1024,1024,100,10,7,2.220137e-01,0
stencil_starpu,6,1024,1024,100,10,8,2.266637e-01,0
stencil_starpu,6,1024,1024,100,10,9,2.233226e-01,0
stencil_starpu,7,1024,1024,100,10,0,2.196530e-01,0
stencil_starpu,7,1024,1024,100,10,1,2.199944e-01,0
stencil_starpu,7,1024,1024,100,10,2,1.860845e-01,0
stencil_starpu,7,1024,1024,100,10,3,2.237916e-01,0
stencil_starpu,7,1024,1024,100,10,4,2.149895e-01,0
stencil_starpu,7,1024,1024,100,10,5,2.225645e-01,0
stencil_starpu,7,1024,1024,100,10,6,2.141728e-01,0
stencil_starpu,7,1024,1024,100,10,7,2.240373e-01,0
stencil_starpu,7,1024,1024,100,10,8,2.225940e-01,0
stencil_starpu,7,1024,1024,100,10,9,2.196736e-01,0
stencil_starpu,8,1024,1024,100,10,0,2.265817e-01,0
stencil_starpu,8,1024,1024,100,10,1,2.140371e-01,0
stencil_starpu,8,1024,1024,100,10,2,2.125038e-01,0
stencil_starpu,8,1024,1024,100,10,3,2.121300e-01,0
stencil_starpu,8,1024,1024,100,10,4,1.757414e-01,0
stencil_starpu,8,1024,1024,100,10,5,2.314289e-01,0
stencil_starpu,8,1024,1024,100,10,6,2.120617e-01,0
stencil_starpu,8,1024,1024,100,10,7,2.104123e-01,0
stencil_starpu,8,1024,1024,100,10,8,2.174577e-01,0
stencil_starpu,8,1024,1024,100,10,9,2.153511e-01,0
stencil_starpu,9,1024,1024,100,10,0,2.188469e-01,0
stencil_starpu,9,1024,1024,100,10,1,1.758437e-01,0
stencil_starpu,9,1024,1024,100,10,2,2.186270e-01,0
stencil_starpu,9,1024,1024,100,10,3,2.012104e-01,0
stencil_starpu,9,1024,1024,100,10,4,2.171484e-01,0
stencil_starpu,9,1024,1024,100,10,5,2.092530e-01,0
stencil_starpu,9,1024,1024,100,10,6,2.117229e-01,0
stencil_starpu,9,1024,1024,100,10,7,2.069297e-01,0
stencil_starpu,9,1024,1024,100,10,8,2.107629e-01,0
stencil_starpu,9,1024,1024,100,10,9,2.113709e-01,0
stencil_starpu,10,1024,1024,100,10,0,2.189229e-01,0
stencil_starpu,10,1024,1024,100,10,1,2.004868e-01,0
stencil_starpu,10,1024,1024,100,10,2,2.039943e-01,0
stencil_starpu,10,1024,1024,100,10,3,1.735449e-01,0
stencil_starpu,10,1024,1024,100,10,4,1.950435e-01,0
stencil_starpu,10,1024,1024,100,10,5,2.258649e-01,0
stencil_starpu,10,1024,1024,100,10,6,2.010340e-01,0
stencil_starpu,10,1024,1024,100,10,7,2.025247e-01,0
stencil_starpu,10,1024,1024,100,10,8,2.053403e-01,0
stencil_starpu,10,1024,1024,100,10,9,2.063377e-01,0
stencil_starpu,11,1024,1024,100,10,0,2.149827e-01,0
stencil_starpu,11,1024,1024,100,10,1,2.247571e-01,0
stencil_starpu,11,1024,1024,100,10,2,1.978488e-01,0
stencil_starpu,11,1024,1024,100,10,3,2.041698e-01,0
stencil_starpu,11,1024,1024,100,10,4,1.983221e-01,0
stencil_starpu,11,1024,1024,100,10,5,1.993964e-01,0
stencil_starpu,11,1024,1024,100,10,6,2.039588e-01,0
stencil_starpu,11,1024,1024,100,10,7,2.161276e-01,0
stencil_starpu,11,1024,1024,100,10,8,2.091980e-01,0
stencil_starpu,11,1024,1024,100,10,9,2.042885e-01,0
stencil_starpu,12,1024,1024,100,10,0,2.158879e-01,0
stencil_starpu,12,1024,1024,100,10,1,2.252327e-01,0
stencil_starpu,12,1024,1024,100,10,2,1.717714e-01,0
stencil_starpu,12,1024,1024,100,10,3,1.954846e-01,0
stencil_starpu,12,1024,1024,100,10,4,2.184586e-01,0
stencil_starpu,12,1024,1024,100,10,5,2.224052e-01,0
stencil_starpu,12,1024,1024,100,10,6,2.233618e-01,0
stencil_starpu,12,1024,1024,100,10,7,2.056381e-01,0
stencil_starpu,12,1024,1024,100,10,8,2.065726e-01,0
stencil_starpu,12,1024,1024,100,10,9,2.115185e-01,0
stencil_starpu,13,1024,1024,100,10,0,2.169192e-01,0
stencil_starpu,13,1024,1024,100,10,1,2.075013e-01,0
stencil_starpu,13,1024,1024,100,10,2,2.039916e-01,0
stencil_starpu,13,1024,1024,100,10,3,2.177716e-01,0
stencil_starpu,13,1024,1024,100,10,4,2.067902e-01,0
stencil_starpu,13,1024,1024,100,10,5,2.041169e-01,0
stencil_starpu,13,1024,1024,100,10,6,2.012292e-01,0
stencil_starpu,13,1024,1024,100,10,7,2.049470e-01,0
stencil_starpu,13,1024,1024,100,10,8,2.231269e-01,0
stencil_starpu,13,1024,1024,100,10,9,2.068317e-01,0
stencil_starpu,14,1024,1024,100,10,0,2.181942e-01,0
stencil_starpu,14,1024,1024,100,10,1,2.158136e-01,0
stencil_starpu,14,1024,1024,100,10,2,1.985337e-01,0
stencil_starpu,14,1024,1024,100,10,3,2.148908e-01,0
stencil_starpu,14,1024,1024,100,10,4,2.094689e-01,0
stencil_starpu,14,1024,1024,100,10,5,2.124166e-01,0
stencil_starpu,14,1024,1024,100,10,6,2.055459e-01,0
stencil_starpu,14,1024,1024,100,10,7,1.879880e-01,0
stencil_starpu,14,1024,1024,100,10,8,2.129694e-01,0
stencil_starpu,14,1024,1024,100,10,9,2.109998e-01,0
stencil_starpu,15,1024,1024,100,10,0,2.073673e-01,0
stencil_starpu,15,1024,1024,100,10,1,2.257381e-01,0
stencil_starpu,15,1024,1024,100,10,2,2.018521e-01,0
stencil_starpu,15,1024,1024,100,10,3,2.180423e-01,0
stencil_starpu,15,1024,1024,100,10,4,1.774633e-01,0
stencil_starpu,15,1024,1024,100,10,5,2.141099e-01,0
stencil_starpu,15,1024,1024,100,10,6,2.215296e-01,0
stencil_starpu,15,1024,1024,100,10,7,2.145333e-01,0
stencil_starpu,15,1024,1024,100,10,8,1.736122e-01,0
stencil_starpu,15,1024,1024,100,10,9,1.795151e-01,0
stencil_starpu,16,1024,1024,100,10,0,2.063056e-01,0
stencil_starpu,16,1024,1024,100,10,1,2.535343e-01,0
stencil_starpu,16,1024,1024,100,10,2,2.066518e-01,0
stencil_starpu,16,1024,1024,100,10,3,2.045468e-01,0
stencil_starpu,16,1024,1024,100,10,4,2.061372e-01,0
stencil_starpu,16,1024,1024,100,10,5,2.276074e-01,0
stencil_starpu,16,1024,1024,100,10,6,2.055637e-01,0
stencil_starpu,16,1024,1024,100,10,7,2.073343e-01,0
stencil_starpu,16,1024,1024,100,10,8,2.217462e-01,0
stencil_starpu,16,1024,1024,100,10,9,2.219945e-01,0
stencil_starpu,17,1024,1024,100,10,0,1.747586e-01,0
stencil_starpu,17,1024,1024,100,10,1,2.102567e-01,0
stencil_starpu,17,1024,1024,100,10,2,1.774605e-01,0
stencil_starpu,17,1024,1024,100,10,3,2.020638e-01,0
stencil_starpu,17,1024,1024,100,10,4,2.028930e-01,0
stencil_starpu,17,1024,1024,100,10,5,2.074968e-01,0
stencil_starpu,17,1024,1024,100,10,6,2.027491e-01,0
stencil_starpu,17,1024,1024,100,10,7,2.165872e-01,0
stencil_starpu,17,1024,1024,100,10,8,1.748876e-01,0
stencil_starpu,17,1024,1024,100,10,9,1.713951e-01,0
stencil_starpu,18,1024,1024,100,10,0,2.168424e-01,0
stencil_starpu,18,1024,1024,100,10,1,2.227422e-01,0
stencil_starpu,18,1024,1024,100,10,2,1.748988e-01,0
stencil_starpu,18,1024,1024,100,10,3,1.752790e-01,0
stencil_starpu,18,1024,1024,100,10,4,2.190542e-01,0
stencil_starpu,18,1024,1024,100,10,5,2.223848e-01,0
stencil_starpu,18,1024,1024,100,10,6,2.123932e-01,0
stencil_starpu,18,1024,1024,100,10,7,1.761873e-01,0
stencil_starpu,18,1024,1024,100,10,8,1.706508e-01,0
stencil_starpu,18,1024,1024,100,10,9,2.196957e-01,0
stencil_starpu,19,1024,1024,100,10,0,2.174057e-01,0
stencil_starpu,19,1024,1024,100,10,1,2.158849e-01,0
stencil_starpu,19,1024,1024,100,10,2,2.112704e-01,0
stencil_starpu,19,1024,1024,100,10,3,1.711203e-01,0
stencil_starpu,19,1024,1024,100,10,4,2.210383e-01,0
stencil_starpu,19,1024,1024,100,10,5,2.299755e-01,0
stencil_starpu,19,1024,1024,100,10,6,2.265204e-01,0
stencil_starpu,19,1024,1024,100,10,7,1.902065e-01,0
stencil_starpu,19,1024,1024,100,10,8,2.259135e-01,0
stencil_starpu,19,1024,1024,100,10,9,2.192110e-01,0
stencil_starpu,20,1024,1024,100,10,0,2.382229e-01,0
stencil_starpu,20,1024,1024,100,10,1,2.369157e-01,0
stencil_starpu,20,1024,1024,100,10,2,2.223762e-01,0
stencil_starpu,20,1024,1024,100,10,3,2.212813e-01,0
stencil_starpu,20,1024,1024,100,10,4,2.366363e-01,0
stencil_starpu,20,1024,1024,100,10,5,2.312041e-01,0
stencil_starpu,20,1024,1024,100,10,6,1.936429e-01,0
stencil_starpu,20,1024,1024,100,10,7,2.362805e-01,0
stencil_starpu,20,1024,1024,100,10,8,2.320068e-01,0
stencil_starpu,20,1024,1024,100,10,9,2.304002e-01,0
stencil_starpu,21,1024,1024,100,10,0,2.152934e-01,0
stencil_starpu,21,1024,1024,100,10,1,2.168597e-01,0
stencil_starpu,21,1024,1024,100,10,2,2.413511e-01,0
stencil_starpu,21,1024,1024,100,10,3,2.200720e-01,0
stencil_starpu,21,1024,1024,100,10,4,2.023944e-01,0
stencil_starpu,21,1024,1024,100,10,5,2.185473e-01,0
stencil_starpu,21,1024,1024,100,10,6,2.251236e-01,0
stencil_starpu,21,1024,1024,100,10,7,2.114580e-01,0
stencil_starpu,21,1024,1024,100,10,8,2.435664e-01,0
stencil_starpu,21,1024,1024,100,10,9,2.226029e-01,0
stencil_starpu,22,1024,1024,100,10,0,2.062940e-01,0
stencil_starpu,22,1024,1024,100,10,1,2.537647e-01,0
stencil_starpu,22,1024,1024,100,10,2,2.234621e-01,0
stencil_starpu,22,1024,1024,100,10,3,2.296632e-01,0
stencil_starpu,22,1024,1024,100,10,4,2.161800e-01,0
stencil_starpu,22,1024,1024,100,10,5,2.147080e-01,0
stencil_starpu,22,1024,1024,100,10,6,2.037638e-01,0
stencil_starpu,22,1024,1024,100,10,7,2.283598e-01,0
stencil_starpu,22,1024,1024,100,10,8,2.023091e-01,0
stencil_starpu,22,1024,1024,100,10,9,2.381538e-01,0
stencil_starpu,23,1024,1024,100,10,0,2.155500e-01,0
stencil_starpu,23,1024,1024,100,10,1,2.157494e-01,0
stencil_starpu,23,1024,1024,100,10,2,2.609959e-01,0
stencil_starpu,23,1024,1024,100,10,3,2.259539e-01,0
stencil_starpu,23,1024,1024,100,10,4,2.251777e-01,0
stencil_starpu,23,1024,1024,100,10,5,2.382165e-01,0
stencil_starpu,23,1024,1024,100,10,6,2.296109e-01,0
stencil_starpu,23,1024,1024,100,10,7,2.049212e-01,0
stencil_starpu,23,1024,1024,100,10,8,2.401416e-01,0
stencil_starpu,23,1024,1024,100,10,9,2.400786e-01,0
stencil_starpu,24,1024,1024,100,10,0,2.500712e-01,0
stencil_starpu,24,1024,1024,100,10,1,2.587361e-01,0
stencil_starpu,24,1024,1024,100,10,2,2.224741e-01,0
stencil_starpu,24,1024,1024,100,10,3,2.261328e-01,0
stencil_starpu,24,1024,1024,100,10,4,2.442466e-01,0
stencil_starpu,24,1024,1024,100,10,5,1.893551e-01,0
stencil_starpu,24,1024,1024,100,10,6,1.725776e-01,0
stencil_starpu,24,1024,1024,100,10,7,2.413925e-01,0
stencil_starpu,24,1024,1024,100,10,8,1.765414e-01,0
stencil_starpu,24,1024,1024,100,10,9,2.501965e-01,0
stencil_starpu,2,2048,2048,100,10,0,1.018605e+00,0
stencil_starpu,2,2048,2048,100,10,1,9.725825e-01,0
stencil_starpu,2,2048,2048,100,10,2,9.771904e-01,0
stencil_starpu,2,2048,2048,100,10,3,9.415086e-01,0
stencil_starpu,2,2048,2048,100,10,4,9.459822e-01,0
stencil_starpu,2,2048,2048,100,10,5,9.725539e-01,0
stencil_starpu,2,2048,2048,100,10,6,9.749181e-01,0
stencil_starpu,2,2048,2048,100,10,7,9.688197e-01,0
stencil_starpu,2,2048,2048,100,10,8,9.699098e-01,0
stencil_starpu,2,2048,2048,100,10,9,9.770366e-01,0
stencil_starpu,3,2048,2048,100,10,0,7.753334e-01,0
stencil_starpu,3,2048,2048,100,10,1,7.312812e-01,0
stencil_starpu,3,2048,2048,100,10,2,7.306594e-01,0
stencil_starpu,3,2048,2048,100,10,3,7.310908e-01,0
stencil_starpu,3,2048,2048,100,10,4,7.046992e-01,0
stencil_starpu,3,2048,2048,100,10,5,7.090316e-01,0
stencil_starpu,3,2048,2048,100,10,6,7.344895e-01,0
stencil_starpu,3,2048,2048,100,10,7,7.305265e-01,0
stencil_starpu,3,2048,2048,100,10,8,6.977998e-01,0
stencil_starpu,3,2048,2048,100,10,9,7.070916e-01,0
stencil_starpu,4,2048,2048,100,10,0,6.344988e-01,0
stencil_starpu,4,2048,2048,100,10,1,5.986814e-01,0
stencil_starpu,4,2048,2048,100,10,2,6.012286e-01,0
stencil_starpu,4,2048,2048,100,10,3,6.008729e-01,0
stencil_starpu,4,2048,2048,100,10,4,5.646176e-01,0
stencil_starpu,4,2048,2048,100,10,5,5.657714e-01,0
stencil_starpu,4,2048,2048,100,10,6,6.011862e-01,0
stencil_starpu,4,2048,2048,100,10,7,5.980630e-01,0
stencil_starpu,4,2048,2048,100,10,8,6.018942e-01,0
stencil_starpu,4,2048,2048,100,10,9,5.794674e-01,0
stencil_starpu,5,2048,2048,100,10,0,5.455298e-01,0
stencil_starpu,5,2048,2048,100,10,1,5.259907e-01,0
stencil_starpu,5,2048,2048,100,10,2,5.196605e-01,0
stencil_starpu,5,2048,2048,100,10,3,5.390450e-01,0
stencil_starpu,5,2048,2048,100,10,4,4.925159e-01,0
stencil_starpu,5,2048,2048,100,10,5,4.877341e-01,0
stencil_starpu,5,2048,2048,100,10,6,5.206185e-01,0
stencil_starpu,5,2048,2048,100,10,7,4.894892e-01,0
stencil_starpu,5,2048,2048,100,10,8,5.178995e-01,0
stencil_starpu,5,2048,2048,100,10,9,4.929871e-01,0
stencil_starpu,6,2048,2048,100,10,0,5.084425e-01,0
stencil_starpu,6,2048,2048,100,10,1,4.764075e-01,0
stencil_starpu,6,2048,2048,100,10,2,4.780842e-01,0
stencil_starpu,6,2048,2048,100,10,3,4.443832e-01,0
stencil_starpu,6,2048,2048,100,10,4,4.812406e-01,0
stencil_starpu,6,2048,2048,100,10,5,4.490104e-01,0
stencil_starpu,6,2048,2048,100,10,6,4.459780e-01,0
stencil_starpu,6,2048,2048,100,10,7,4.697437e-01,0
stencil_starpu,6,2048,2048,100,10,8,4.437336e-01,0
stencil_starpu,6,2048,2048,100,10,9,4.419723e-01,0
stencil_starpu,7,2048,2048,100,10,0,4.592916e-01,0
stencil_starpu,7,2048,2048,100,10,1,4.578504e-01,0
stencil_starpu,7,2048,2048,100,10,2,4.471318e-01,0
stencil_starpu,7,2048,2048,100,10,3,4.291976e-01,0
stencil_starpu,7,2048,2048,100,10,4,4.476789e-01,0
stencil_starpu,7,2048,2048,100,10,5,4.604240e-01,0
stencil_starpu,7,2048,2048,100,10,6,4.249047e-01,0
stencil_starpu,7,2048,2048,100,10,7,4.156846e-01,0
stencil_starpu,7,2048,2048,100,10,8,4.409793e-01,0
stencil_starpu,7,2048,2048,100,10,9,4.544786e-01,0
stencil_starpu,8,2048,2048,100,10,0,4.187219e-01,0
stencil_starpu,8,2048,2048,100,10,1,4.263430e-01,0
stencil_starpu,8,2048,2048,100,10,2,3.973776e-01,0
stencil_starpu,8,2048,2048,100,10,3,4.288528e-01,0
stencil_starpu,8,2048,2048,100,10,4,4.262419e-01,0
stencil_starpu,8,2048,2048,100,10,5,3.860659e-01,0
stencil_starpu,8,2048,2048,100,10,6,4.253223e-01,0
stencil_starpu,8,2048,2048,100,10,7,3.897308e-01,0
stencil_starpu,8,2048,2048,100,10,8,4.251324e-01,0
stencil_starpu,8,2048,2048,100,10,9,3.941527e-01,0
stencil_starpu,9,2048,2048,100,10,0,4.098174e-01,0
stencil_starpu,9,2048,2048,100,10,1,4.226932e-01,0
stencil_starpu,9,2048,2048,100,10,2,4.062421e-01,0
stencil_starpu,9,2048,2048,100,10,3,3.742755e-01,0
stencil_starpu,9,2048,2048,100,10,4,4.125122e-01,0
stencil_starpu,9,2048,2048,100,10,5,3.828777e-01,0
stencil_starpu,9,2048,2048,100,10,6,3.869339e-01,0
stencil_starpu,9,2048,2048,100,10,7,4.025804e-01,0
stencil_starpu,9,2048,2048,100,10,8,3.701142e-01,0
stencil_starpu,9,2048,2048,100,10,9,3.861723e-01,0
stencil_starpu,10,2048,2048,100,10,0,3.677410e-01,0
stencil_starpu,10,2048,2048,100,10,1,3.996558e-01,0
stencil_starpu,10,2048,2048,100,10,2,3.637072e-01,0
stencil_starpu,10,2048,2048,100,10,3,4.046386e-01,0
stencil_starpu,10,2048,2048,100,10,4,3.849358e-01,0
stencil_starpu,10,2048,2048,100,10,5,3.947367e-01,0
stencil_starpu,10,2048,2048,100,10,6,3.869695e-01,0
stencil_starpu,10,2048,2048,100,10,7,3.949347e-01,0
stencil_starpu,10,2048,2048,100,10,8,3.820973e-01,0
stencil_starpu,10,2048,2048,100,10,9,3.477761e-01,0
stencil_starpu,11,2048,2048,100,10,0,3.665459e-01,0
stencil_starpu,11,2048,2048,100,10,1,3.902718e-01,0
stencil_starpu,11,2048,2048,100,10,2,3.585369e-01,0
stencil_starpu,11,2048,2048,100,10,3,3.995311e-01,0
stencil_starpu,11,2048,2048,100,10,4,3.572490e-01,0
stencil_starpu,11,2048,2048,100,10,5,3.526729e-01,0
stencil_starpu,11,2048,2048,100,10,6,3.894776e-01,0
stencil_starpu,11,2048,2048,100,10,7,3.845914e-01,0
stencil_starpu,11,2048,2048,100,10,8,3.770032e-01,0
stencil_starpu,11,2048,2048,100,10,9,3.504900e-01,0
stencil_starpu,12,2048,2048,100,10,0,3.463156e-01,0
stencil_starpu,12,2048,2048,100,10,1,3.767885e-01,0
stencil_starpu,12,2048,2048,100,10,2,3.929129e-01,0
stencil_starpu,12,2048,2048,100,10,3,3.787961e-01,0
stencil_starpu,12,2048,2048,100,10,4,3.363448e-01,0
stencil_starpu,12,2048,2048,100,10,5,3.639063e-01,0
stencil_starpu,12,2048,2048,100,10,6,3.766008e-01,0
stencil_starpu,12,2048,2048,100,10,7,3.793612e-01,0
stencil_starpu,12,2048,2048,100,10,8,3.315025e-01,0
stencil_starpu,12,2048,2048,100,10,9,3.626575e-01,0
stencil_starpu,13,2048,2048,100,10,0,3.444186e-01,0
stencil_starpu,13,2048,2048,100,10,1,3.939392e-01,0
stencil_starpu,13,2048,2048,100,10,2,3.491020e-01,0
stencil_starpu,13,2048,2048,100,10,3,3.517575e-01,0
stencil_starpu,13,2048,2048,100,10,4,3.345698e-01,0
stencil_starpu,13,2048,2048,100,10,5,3.373418e-01,0
stencil_starpu,13,2048,2048,100,10,6,3.513289e-01,0
stencil_starpu,13,2048,2048,100,10,7,3.414176e-01,0
stencil_starpu,13,2048,2048,100,10,8,3.735472e-01,0
stencil_starpu,13,2048,2048,100,10,9,3.732146e-01,0
stencil_starpu,14,2048,2048,100,10,0,3.403041e-01,0
stencil_starpu,14,2048,2048,100,10,1,3.846263e-01,0
stencil_starpu,14,2048,2048,100,10,2,3.675111e-01,0
stencil_starpu,14,2048,2048,100,10,3,3.774607e-01,0
stencil_starpu,14,2048,2048,100,10,4,3.857279e-01,0
stencil_starpu,14,2048,2048,100,10,5,3.469078e-01,0
stencil_starpu,14,2048,2048,100,10,6,3.541072e-01,0
stencil_starpu,14,2048,2048,100,10,7,3.491880e-01,0
stencil_starpu,14,2048,2048,100,10,8,3.786669e-01,0
stencil_starpu,14,2048,2048,100,10,9,3.747539e-01,0
stencil_starpu,15,2048,2048,100,10,0,3.295171e-01,0
stencil_starpu,15,2048,2048,100,10,1,3.871428e-01,0
stencil_starpu,15,2048,2048,100,10,2,3.873002e-01,0
stencil_starpu,15,2048,2048,100,10,3,3.834990e-01,0
stencil_starpu,15,2048,2048,100,10,4,3.672750e-01,0
stencil_starpu,15,2048,2048,100,10,5,3.687413e-01,0
stencil_starpu,15,2048,2048,100,10,6,3.667806e-01,0
stencil_starpu,15,2048,2048,100,10,7,3.850915e-01,0
stencil_starpu,15,2048,2048,100,10,8,3.448079e-01,0
stencil_starpu,15,2048,2048,100,10,9,3.623212e-01,0
stencil_starpu,16,2048,2048,100,10,0,3.301114e-01,0
stencil_starpu,16,2048,2048,100,10,1,4.050408e-01,0
stencil_starpu,16,2048,2048,100,10,2,3.770313e-01,0
stencil_starpu,16,2048,2048,100,10,3,3.946891e-01,0
stencil_starpu,16,2048,2048,100,10,4,3.902839e-01,0
stencil_starpu,16,2048,2048,100,10,5,3.887638e-01,0
stencil_starpu,16,2048,2048,100,10,6,3.361568e-01,0
stencil_starpu,16,2048,2048,100,10,7,3.766492e-01,0
stencil_starpu,16,2048,2048,100,10,8,3.805350e-01,0
stencil_starpu,16,2048,2048,100,10,9,3.800817e-01,0
stencil_starpu,17,2048,2048,100,10,0,3.207051e-01,0
stencil_starpu,17,2048,2048,100,10,1,3.964339e-01,0
stencil_starpu,17,2048,2048,100,10,2,3.815909e-01,0
stencil_starpu,17,2048,2048,100,10,3,3.700054e-01,0
stencil_starpu,17,2048,2048,100,10,4,3.507144e-01,0
stencil_starpu,17,2048,2048,100,10,5,3.904015e-01,0
stencil_starpu,17,2048,2048,100,10,6,3.646604e-01,0
stencil_starpu,17,2048,2048,100,10,7,3.747968e-01,0
stencil_starpu,17,2048,2048,100,10,8,3.380897e-01,0
stencil_starpu,17,2048,2048,100,10,9,3.789191e-01,0
stencil_starpu,18,2048,2048,100,10,0,3.170027e-01,0
stencil_starpu,18,2048,2048,100,10,1,3.942533e-01,0
stencil_starpu,18,2048,2048,100,10,2,3.762811e-01,0
stencil_starpu,18,2048,2048,100,10,3,3.497971e-01,0
stencil_starpu,18,2048,2048,100,10,4,3.966184e-01,0
stencil_starpu,18,2048,2048,100,10,5,3.814344e-01,0
stencil_starpu,18,2048,2048,100,10,6,3.962929e-01,0
stencil_starpu,18,2048,2048,100,10,7,3.390688e-01,0
stencil_starpu,18,2048,2048,100,10,8,3.833901e-01,0
stencil_starpu,18,2048,2048,100,10,9,3.391584e-01,0
stencil_starpu,19,2048,2048,100,10,0,3.168578e-01,0
stencil_starpu,19,2048,2048,100,10,1,3.691848e-01,0
stencil_starpu,19,2048,2048,100,10,2,3.559058e-01,0
stencil_starpu,19,2048,2048,100,10,3,3.471629e-01,0
stencil_starpu,19,2048,2048,100,10,4,3.384244e-01,0
stencil_starpu,19,2048,2048,100,10,5,3.459944e-01,0
stencil_starpu,19,2048,2048,100,10,6,3.174717e-01,0
stencil_starpu,19,2048,2048,100,10,7,3.758080e-01,0
stencil_starpu,19,2048,2048,100,10,8,3.505363e-01,0
stencil_starpu,19,2048,2048,100,10,9,3.559807e-01,0
stencil_starpu,20,2048,2048,100,10,0,3.128830e-01,0
stencil_starpu,20,2048,2048,100,10,1,3.333177e-01,0
stencil_starpu,20,2048,2048,100,10,2,3.433450e-01,0
stencil_starpu,20,2048,2048,100,10,3,2.918974e-01,0
stencil_starpu,20,2048,2048,100,10,4,3.043668e-01,0
stencil_starpu,20,2048,2048,100,10,5,2.904124e-01,0
stencil_starpu,20,2048,2048,100,10,6,2.922507e-01,0
stencil_starpu,20,2048,2048,100,10,7,3.317536e-01,0
stencil_starpu,20,2048,2048,100,10,8,3.051078e-01,0
stencil_starpu,20,2048,2048,100,10,9,3.230160e-01,0
stencil_starpu,21,2048,2048,100,10,0,3.078033e-01,0
stencil_starpu,21,2048,2048,100,10,1,3.080598e-01,0
stencil_starpu,21,2048,2048,100,10,2,3.062994e-01,0
stencil_starpu,21,2048,2048,100,10,3,2.792275e-01,0
stencil_starpu,21,2048,2048,100,10,4,2.673075e-01,0
stencil_starpu,21,2048,2048,100,10,5,2.894301e-01,0
stencil_starpu,21,2048,2048,100,10,6,2.637853e-01,0
stencil_starpu,21,2048,2048,100,10,7,3.323451e-01,0
stencil_starpu,21,2048,2048,100,10,8,2.785139e-01,0
stencil_starpu,21,2048,2048,100,10,9,2.729790e-01,0
stencil_starpu,22,2048,2048,100,10,0,2.876256e-01,0
stencil_starpu,22,2048,2048,100,10,1,3.033541e-01,0
stencil_starpu,22,2048,2048,100,10,2,2.822037e-01,0
stencil_starpu,22,2048,2048,100,10,3,2.906646e-01,0
stencil_starpu,22,2048,2048,100,10,4,2.865945e-01,0
stencil_starpu,22,2048,2048,100,10,5,2.908428e-01,0
stencil_starpu,22,2048,2048,100,10,6,2.922529e-01,0
stencil_starpu,22,2048,2048,100,10,7,2.828546e-01,0
stencil_starpu,22,2048,2048,100,10,8,2.940829e-01,0
stencil_starpu,22,2048,2048,100,10,9,2.769678e-01,0
stencil_starpu,23,2048,2048,100,10,0,2.954925e-01,0
stencil_starpu,23,2048,2048,100,10,1,2.604475e-01,0
stencil_starpu,23,2048,2048,100,10,2,2.569772e-01,0
stencil_starpu,23,2048,2048,100,10,3,2.652912e-01,0
stencil_starpu,23,2048,2048,100,10,4,3.004114e-01,0
stencil_starpu,23,2048,2048,100,10,5,3.010388e-01,0
stencil_starpu,23,2048,2048,100,10,6,3.028341e-01,0
stencil_starpu,23,2048,2048,100,10,7,2.529660e-01,0
stencil_starpu,23,2048,2048,100,10,8,2.741174e-01,0
stencil_starpu,23,2048,2048,100,10,9,2.751983e-01,0
stencil_starpu,24,2048,2048,100,10,0,3.070162e-01,0
stencil_starpu,24,2048,2048,100,10,1,2.482070e-01,0
stencil_starpu,24,2048,2048,100,10,2,2.993513e-01,0
stencil_starpu,24,2048,2048,100,10,3,2.924196e-01,0
stencil_starpu,24,2048,2048,100,10,4,2.980468e-01,0
stencil_starpu,24,2048,2048,100,10,5,3.093356e-01,0
stencil_starpu,24,2048,2048,100,10,6,2.899216e-01,0
stencil_starpu,24,2048,2048,100,10,7,2.929764e-01,0
stencil_starpu,24,2048,2048,100,10,8,2.575108e-01,0
stencil_starpu,24,2048,2048,100,10,9,2.521487e-01,0
